timeStep,x_0,x_1,x_2,x_3,x_4,x_5,x_6,x_7,x_8,x_9,x_10,x_11,x_12,x_13,x_14,x_15,x_16,x_17,x_18,x_19,x_20,x_21,x_22,x_23,x_24,x_25,x_26,x_27,x_28,x_29,x_30,x_31,x_32,x_33,x_34,x_35,x_36,x_37,x_38,x_39,x_40,x_41,x_42,x_43,x_44,x_45,x_46,x_47,x_48,x_49,x_50,x_51,x_52,x_53,x_54,x_55,x_56,x_57,x_58,x_59,x_60,x_61,x_62,x_63,x_64,x_65,x_66,x_67,x_68,x_69,x_70,x_71,x_72,x_73,x_74,x_75,x_76,x_77,x_78,x_79,x_80,x_81,x_82,x_83,x_84,x_85,x_86,x_87,x_88,x_89,x_90,x_91,x_92,x_93,x_94,x_95,x_96,x_97,x_98,x_99,x_100,x_101,x_102,x_103,x_104,x_105,x_106,x_107,x_108,x_109,x_110,x_111,x_112,x_113,x_114,x_115,x_116,x_117,x_118,x_119,x_120,x_121,x_122,x_123,x_124,x_125,x_126,x_127
0,-1.0626420974731445,-0.3490300178527832,-0.6304804682731628,0.1975148469209671,0.16887766122817993,-0.404776930809021,-0.6057036519050598,-0.49803024530410767,-0.559308648109436,-0.41734325885772705,0.5668971538543701,0.15732258558273315,-1.23417067527771,-0.6674126982688904,0.3470523953437805,-0.6203691959381104,0.6410192251205444,0.16953010857105255,-1.3369547128677368,-0.19764403998851776,0.27055269479751587,0.5316135883331299,-0.06901868432760239,-0.3399970531463623,0.5615054965019226,-0.7555935382843018,-1.0246045589447021,-1.1070436239242554,0.4721861183643341,-1.6095472574234009,0.43270978331565857,0.7247812151908875,-0.14799393713474274,-1.2051829099655151,-0.26988792419433594,0.7038604617118835,0.45233601331710815,-0.992553174495697,-0.8470037579536438,0.005074239335954189,0.34148889780044556,-0.2979077696800232,-0.4434133470058441,-0.005370636936277151,0.5558651089668274,-1.512072205543518,-0.3683050870895386,-1.2649084329605103,0.5752319097518921,-0.47897449135780334,-0.029752619564533234,-0.9114608764648438,-1.261291742324829,-0.4715741276741028,0.13731910288333893,1.8089170455932617,-0.1443634331226349,-0.7266497015953064,-0.19757986068725586,1.492685317993164,0.1000707671046257,0.5593069791793823,0.2878682613372803,-1.0160083770751953,0.22618570923805237,-1.0764293670654297,0.6607540845870972,-0.5487989783287048,-0.7728445529937744,-0.7776384353637695,-0.836273193359375,-0.03554600849747658,-0.5436621904373169,0.032253991812467575,-0.6034165024757385,0.29061615467071533,-0.8959543704986572,-1.0749180316925049,0.08333615958690643,0.3641601800918579,1.2410593032836914,0.47980862855911255,-0.6624078154563904,0.13414914906024933,1.1969614028930664,0.33654075860977173,0.15571080148220062,-1.5317437648773193,1.0733938217163086,1.0642298460006714,-0.4817812740802765,0.3719925582408905,0.004984015598893166,-0.9136753082275391,-0.17668956518173218,0.3706495761871338,0.341770201921463,-0.9356136322021484,0.9932698011398315,0.7447512149810791,0.20485997200012207,-0.713910698890686,0.5576828718185425,0.9211952090263367,-0.9315304160118103,-0.6752856969833374,0.10494676232337952,0.7762483358383179,0.6545122861862183,0.10502397269010544,-0.12972132861614227,0.3065737187862396,-0.020894572138786316,-1.5425904989242554,0.7904748916625977,-0.593207597732544,-0.37942466139793396,0.15372972190380096,-0.1180601641535759,0.3473268747329712,0.03123926743865013,1.2195059061050415,-0.3483814299106598,0.4084619879722595,-0.07416018098592758,0.11165860295295715,-0.11400546133518219,-0.9809389710426331
1,-0.7705108523368835,0.039017222821712494,-0.9279634356498718,0.6364151835441589,0.33720532059669495,-0.04688936844468117,-0.4529154598712921,-0.33610397577285767,-0.673878014087677,-0.09742502123117447,0.6734707355499268,0.8371356129646301,-0.8148819208145142,-0.17702946066856384,-0.2911551892757416,-0.20646928250789642,0.17505544424057007,0.17812027037143707,-0.7829117774963379,-0.36414840817451477,-0.3601931929588318,0.25136369466781616,-0.2518782615661621,-0.35998213291168213,0.02816055901348591,-0.18100227415561676,-0.7201902270317078,-0.8287590146064758,0.12457261979579926,-0.6958866119384766,0.39559268951416016,0.3462425172328949,-0.828134298324585,-0.5920209884643555,-0.6962184309959412,0.46166688203811646,-0.23811081051826477,-0.5093627572059631,-0.07151903957128525,0.4638656675815582,0.14451582729816437,-0.2231542319059372,0.16340449452400208,-0.4395240545272827,0.11342856287956238,-0.4794747829437256,-0.1563045233488083,-0.3454132378101349,0.1444813311100006,-0.3933172821998596,0.03565655276179314,-0.0033394056372344494,-0.8508102297782898,-0.7314959168434143,0.18577368557453156,0.8561307787895203,0.1837887465953827,-0.02787362039089203,-0.20104114711284637,0.6552842259407043,0.17772920429706573,0.4740428328514099,0.5853550434112549,-0.5455085039138794,-0.2376071810722351,-0.5708361864089966,0.5557261109352112,-0.07289436459541321,-0.4968722462654114,0.1044224202632904,-0.6548036336898804,-0.23986536264419556,-0.19230394065380096,-0.3511086106300354,-0.6593111753463745,0.33376291394233704,-0.5801904797554016,-0.47918882966041565,-0.25681164860725403,0.4996204376220703,0.4359634220600128,-0.03196992352604866,-0.31976720690727234,-0.08978424221277237,0.8778344392776489,0.4667089581489563,-0.19560211896896362,-0.8290051221847534,0.48307541012763977,0.2823631465435028,-0.7736995220184326,0.7183462977409363,-0.02585071511566639,-0.13209547102451324,-0.610639214515686,0.28131967782974243,0.24558626115322113,-0.26355627179145813,0.714446485042572,-0.0633610188961029,-0.16169171035289764,-0.4333648383617401,-0.08143877238035202,0.45761898159980774,-0.6752257943153381,0.3493340313434601,0.10188808292150497,0.30953919887542725,1.005938172340393,0.23956415057182312,-0.15699535608291626,0.015926335006952286,-0.5569236278533936,-0.666976809501648,0.19262094795703888,-0.7578535079956055,-0.6492679119110107,-0.31497031450271606,0.394166499376297,0.18160036206245422,0.717462420463562,0.7048719525337219,0.05533894896507263,0.9229914546012878,-0.6982259750366211,0.15313421189785004,-0.46119722723960876,-0.20016326010227203
2,-0.604394793510437,-0.18404820561408997,-0.9365726113319397,0.5586509704589844,0.5980516672134399,0.03049931675195694,-0.38472744822502136,-0.4147469103336334,-0.5371678471565247,-0.02352217771112919,0.987177312374115,0.6365912556648254,-0.6620229482650757,-0.4636400640010834,-0.6337031722068787,-0.0016828753286972642,0.4069977104663849,0.6542500257492065,-0.5950151085853577,-0.5038440823554993,-0.022416410967707634,0.5782608389854431,-0.1880330592393875,-0.5952457785606384,0.04507072642445564,-0.108094722032547,-0.4812852740287781,-0.939749002456665,0.23620106279850006,-0.9438768625259399,0.7460930347442627,0.5425141453742981,-0.7069674134254456,-0.8715466856956482,-0.637400209903717,0.08148177713155746,-0.1299867480993271,-0.3821931779384613,-0.07478249818086624,0.6493487358093262,0.3154803216457367,-0.2764750123023987,0.26212477684020996,-0.5381402373313904,0.0501810759305954,-0.7023107409477234,-0.5682507157325745,-0.6031613945960999,0.10675150901079178,-0.5566677451133728,0.0798521339893341,-0.012350860983133316,-0.7785593271255493,-0.531791627407074,0.15310974419116974,0.6449962258338928,0.6816608905792236,-0.27017897367477417,0.06769950687885284,0.8818443417549133,0.23233528435230255,0.46214863657951355,0.49371635913848877,-0.29775580763816833,-0.14962299168109894,-0.4959871768951416,0.504646897315979,0.3869914412498474,-0.3622398376464844,-0.28416481614112854,-0.5126158595085144,-0.22603224217891693,-0.5066667199134827,-0.11521953344345093,-0.9873448014259338,0.35806939005851746,-0.9992252588272095,-0.2373974472284317,-0.2912589907646179,0.27849090099334717,0.2909305989742279,-0.16268852353096008,-0.5668416023254395,-0.4814262390136719,0.8016173839569092,0.5572420358657837,-0.36281827092170715,-0.5794760584831238,0.5180780291557312,0.1754494160413742,-0.6711128354072571,0.37808576226234436,-0.28119492530822754,0.3262176811695099,-0.5822425484657288,0.5785091519355774,0.3453158438205719,-0.3697560429573059,0.6818583607673645,0.18458612263202667,-0.4350378215312958,-0.1803247034549713,-0.23812320828437805,0.7498359084129333,-0.5160952806472778,0.244601309299469,-0.06325168162584305,0.3980085551738739,0.7995241284370422,0.7466009855270386,-0.08620666712522507,0.030390286818146706,-0.13292212784290314,-0.9567974209785461,0.14903169870376587,-0.7372592091560364,-0.5289437770843506,0.03876059874892235,0.6096268892288208,-0.2044222354888916,0.7679310441017151,0.47535407543182373,0.12817488610744476,1.0021125078201294,-0.46505388617515564,0.19575543701648712,-0.38945192098617554,-0.5966532826423645
3,-0.3603048622608185,0.0123838409781456,-0.7496767640113831,0.3786478340625763,0.0208449624478817,-0.5688662528991699,-0.4808975160121918,-0.13484326004981995,-0.8820303082466125,0.014592800289392471,0.283147931098938,0.4237786531448364,-0.6188022494316101,-0.2152126282453537,-0.16522999107837677,-0.2932503819465637,0.25740867853164673,0.5372949838638306,-0.9374924302101135,-0.7429936528205872,-0.3727015256881714,0.24769434332847595,-0.20300140976905823,-0.11365442723035812,0.06730211526155472,-0.25188305974006653,-0.312634140253067,-0.9050064086914062,0.29412734508514404,-1.1632016897201538,0.5050223469734192,0.7314926981925964,-0.8508542776107788,-0.24658873677253723,-0.2804315388202667,0.4234887659549713,-0.19491466879844666,-0.16614331305027008,-0.04840245470404625,0.20985037088394165,0.2872839868068695,-0.5248860120773315,-0.07408871501684189,-0.40765801072120667,0.10577334463596344,-0.520954430103302,-0.2170996516942978,-0.013291561044752598,-0.1649123579263687,-0.15158310532569885,0.10139500349760056,0.05068496614694595,-0.6258699297904968,-0.6682451367378235,0.14852578938007355,0.8274102210998535,-0.11581093817949295,-0.13324424624443054,-0.513451099395752,0.4896810054779053,-0.4558148682117462,0.6620392799377441,0.6248622536659241,-0.8149319887161255,0.042020034044981,-0.8371899127960205,0.6572138667106628,-0.41521918773651123,-0.27199888229370117,-0.17064189910888672,-0.7753385901451111,-0.2737785279750824,-0.13302446901798248,-0.2903493344783783,-0.855756402015686,0.3565457761287689,-0.8866215348243713,-0.4940617084503174,-0.2371043860912323,0.4552449584007263,0.4627353549003601,0.35434845089912415,-0.11740388721227646,-0.057939670979976654,0.9365894198417664,0.07345771044492722,0.2802892029285431,-0.8678455948829651,0.6478736400604248,0.37357452511787415,-0.34625813364982605,0.5985422730445862,-0.1215047687292099,-0.6904779672622681,-0.56416916847229,0.22607485949993134,0.6298514008522034,-0.1917208731174469,0.5333718657493591,-0.11074033379554749,0.1243915930390358,-0.4250023365020752,-0.11050315201282501,0.3706477880477905,-1.132956862449646,0.2608259320259094,0.052489880472421646,0.18719880282878876,0.8496479392051697,0.3097454607486725,-0.07158029079437256,-0.009001712314784527,-0.8020546436309814,-0.6876519918441772,0.352496474981308,-0.7166597247123718,-0.20463624596595764,0.021000001579523087,0.09691490232944489,0.6375758647918701,0.9884588122367859,1.1163272857666016,-0.14748720824718475,0.925121009349823,-0.19730404019355774,0.18167586624622345,-0.23085691034793854,-0.2401255965232849
4,-0.41747334599494934,-0.09146667271852493,-0.8286404013633728,0.47407203912734985,0.21500220894813538,-0.256061315536499,-0.41066062450408936,-0.1730111837387085,-0.7900850772857666,-0.09497738629579544,0.5049698352813721,0.5759777426719666,-0.6924772262573242,-0.3391123116016388,-0.4185875952243805,-0.26082152128219604,0.2873725891113281,0.5376087427139282,-0.7561620473861694,-0.6941412687301636,-0.29573380947113037,0.35087525844573975,-0.10924545675516129,-0.2838502526283264,0.024741660803556442,-0.22702059149742126,-0.4459931552410126,-0.9522300958633423,0.21969541907310486,-1.1406852006912231,0.515175998210907,0.6266353130340576,-0.7903587818145752,-0.42516055703163147,-0.4112033545970917,0.2556746304035187,-0.22442494332790375,-0.22821922600269318,-0.05458678677678108,0.41109755635261536,0.3365095853805542,-0.4882449209690094,0.021771909669041634,-0.5137093663215637,0.03274282440543175,-0.5100095272064209,-0.24825060367584229,-0.2347419559955597,-0.021953757852315903,-0.3289143443107605,0.05574294552206993,0.049362510442733765,-0.675477147102356,-0.6243977546691895,0.17618586122989655,0.8304184675216675,0.1269441843032837,-0.1301109492778778,-0.35868319869041443,0.5497192144393921,-0.24504876136779785,0.5698629021644592,0.6431582570075989,-0.6828898191452026,-0.044720396399497986,-0.8087956309318542,0.6104066967964172,-0.08249066770076752,-0.25914350152015686,-0.09071565419435501,-0.7128140926361084,-0.22031152248382568,-0.25217339396476746,-0.23884594440460205,-0.938766360282898,0.283555269241333,-0.9256467223167419,-0.44062450528144836,-0.2881960868835449,0.3716481328010559,0.43154555559158325,0.1413583606481552,-0.29811742901802063,-0.19824457168579102,0.8883996605873108,0.21716879308223724,0.002179990755394101,-0.8056715130805969,0.5506951212882996,0.31390196084976196,-0.5437989234924316,0.4815979599952698,-0.16493239998817444,-0.3336668014526367,-0.6745404601097107,0.28592607378959656,0.5196356773376465,-0.17933937907218933,0.5965146422386169,-0.05752698704600334,-0.020683754235506058,-0.2911018431186676,-0.20788641273975372,0.5768361687660217,-0.9092599749565125,0.34969839453697205,0.04354449734091759,0.222261443734169,0.9881740212440491,0.3432515561580658,-0.08280014991760254,-0.007947614416480064,-0.622512936592102,-0.8325337767601013,0.33525118231773376,-0.7211636304855347,-0.3665158748626709,-0.002552697667852044,0.29198434948921204,0.37043046951293945,0.9070171117782593,1.0122392177581787,-0.05991269648075104,0.9302587509155273,-0.30368587374687195,0.26334691047668457,-0.24972295761108398,-0.31480783224105835
5,-0.43611961603164673,-0.09597505629062653,-0.8241207003593445,0.4918038845062256,0.1781109869480133,-0.3616394102573395,-0.4857643246650696,-0.24192070960998535,-0.7475741505622864,-0.018957599997520447,0.4754526615142822,0.4770846962928772,-0.6252015829086304,-0.2583182156085968,-0.2475701868534088,-0.22472843527793884,0.2677637040615082,0.5147929787635803,-0.8570241332054138,-0.6607632637023926,-0.3301202058792114,0.40100130438804626,-0.2064363956451416,-0.20023874938488007,0.06618930399417877,-0.16807469725608826,-0.3966039717197418,-0.9251754283905029,0.2546265423297882,-1.125249981880188,0.6036548018455505,0.6006918549537659,-0.8033950924873352,-0.40651482343673706,-0.399796724319458,0.389347106218338,-0.16029347479343414,-0.26984578371047974,-0.0014154106611385942,0.31853529810905457,0.25499069690704346,-0.45207563042640686,0.04723144695162773,-0.4487459659576416,0.04091329872608185,-0.5354137420654297,-0.2472241371870041,-0.1959289163351059,-0.05287237465381622,-0.3033144176006317,0.0596746988594532,0.024840354919433594,-0.7697635293006897,-0.7062326669692993,0.27540645003318787,0.7630095481872559,0.14902353286743164,-0.19150321185588837,-0.37330666184425354,0.6238943338394165,-0.22165223956108093,0.6389776468276978,0.6199060082435608,-0.7265816330909729,0.00727052241563797,-0.7262280583381653,0.6633971333503723,-0.2115638256072998,-0.36137157678604126,-0.2336370050907135,-0.6985684633255005,-0.29410675168037415,-0.2199905961751938,-0.28361058235168457,-0.8947120308876038,0.3342398405075073,-0.9202427268028259,-0.48540225625038147,-0.307583749294281,0.38314372301101685,0.45102787017822266,0.18113569915294647,-0.16532360017299652,-0.17064684629440308,0.9180106520652771,0.27016711235046387,0.03591551631689072,-0.8317775726318359,0.6855081915855408,0.2992843985557556,-0.45162373781204224,0.5391965508460999,-0.22045840322971344,-0.3724731504917145,-0.5375955104827881,0.31377580761909485,0.4851197302341461,-0.29445624351501465,0.6519074440002441,-0.02184784971177578,0.026791585609316826,-0.3871810734272003,-0.07582138478755951,0.5019050240516663,-0.969565749168396,0.21044588088989258,0.024593614041805267,0.284064918756485,0.8443007469177246,0.4058133661746979,-0.058415405452251434,-0.061823517084121704,-0.6348915696144104,-0.7581638693809509,0.31304165720939636,-0.7777360081672668,-0.39998340606689453,-0.03302568197250366,0.22392474114894867,0.4521089792251587,0.9554764628410339,0.911657989025116,-0.03301580995321274,0.9422842264175415,-0.28145214915275574,0.139043390750885,-0.28662753105163574,-0.2606881260871887
6,-0.4641357660293579,-0.009217554703354836,-0.8910050988197327,0.593392550945282,0.21857330203056335,-0.30401289463043213,-0.4864000678062439,-0.22399896383285522,-0.6163456439971924,-0.010398181155323982,0.5805433988571167,0.5127851963043213,-0.6410115957260132,-0.16646845638751984,-0.2540662884712219,-0.2418486326932907,0.2789265811443329,0.4913681745529175,-0.7850767374038696,-0.5505787134170532,-0.29304972290992737,0.37185072898864746,-0.32992643117904663,-0.15864044427871704,-0.028724901378154755,-0.18023115396499634,-0.4174736440181732,-0.9444687962532043,0.30569159984588623,-1.032358169555664,0.6933329701423645,0.6555939316749573,-0.8173863887786865,-0.5987265110015869,-0.48563164472579956,0.2572771906852722,-0.27068114280700684,-0.29836228489875793,-0.008048228919506073,0.28258970379829407,0.17483103275299072,-0.3546577990055084,0.17342403531074524,-0.4335755407810211,0.10044321417808533,-0.6570915579795837,-0.27255678176879883,-0.28583958745002747,0.0510796420276165,-0.4668179452419281,0.19348789751529694,0.01513852458447218,-0.677923321723938,-0.686750590801239,0.20927944779396057,0.82904452085495,0.3379436433315277,-0.18332324922084808,-0.3467356264591217,0.6914991736412048,-0.2549937963485718,0.43899276852607727,0.6537581086158752,-0.5685977935791016,-0.1060415729880333,-0.6594089269638062,0.5688444375991821,-0.0827808678150177,-0.4360603094100952,-0.2488979697227478,-0.6923502683639526,-0.3540182113647461,-0.19456566870212555,-0.21982648968696594,-0.9671891331672668,0.3330989480018616,-0.7661503553390503,-0.36640220880508423,-0.21705368161201477,0.40291377902030945,0.3521071672439575,0.23511360585689545,-0.2368081659078598,-0.24004530906677246,0.8198742270469666,0.33041635155677795,-0.00041228198097087443,-0.8094987273216248,0.5663542151451111,0.28452420234680176,-0.5170115232467651,0.491752952337265,-0.10109477490186691,-0.26605933904647827,-0.658923327922821,0.3607945740222931,0.3962169885635376,-0.3631748557090759,0.6608818173408508,-0.024734430015087128,-0.036015890538692474,-0.42180135846138,-0.1380060613155365,0.5233790278434753,-0.935085117816925,0.2589515149593353,0.061818432062864304,0.3457324802875519,0.8956473469734192,0.4111941158771515,-0.1373288631439209,-0.04900588467717171,-0.6196588277816772,-0.7876366972923279,0.35775795578956604,-0.6288558840751648,-0.3811115324497223,-0.01061687245965004,0.3514144718647003,0.23236405849456787,0.9274261593818665,0.863004744052887,-0.012532615102827549,0.9555373191833496,-0.3612821400165558,0.16728787124156952,-0.2688802182674408,-0.36054638028144836
7,-0.6396352052688599,-0.01532537117600441,-0.8316942453384399,0.5664731860160828,0.28244057297706604,-0.18724527955055237,-0.6266052722930908,-0.38216090202331543,-0.7178117036819458,0.05773380771279335,0.6482471227645874,0.5513637065887451,-0.7179965376853943,-0.2492528110742569,-0.44493600726127625,-0.17969554662704468,0.1541726440191269,0.6135260462760925,-0.8334614038467407,-0.7054458856582642,-0.27805179357528687,0.3970295488834381,-0.24212904274463654,-0.3878263831138611,0.06676511466503143,-0.12389978766441345,-0.5569717288017273,-0.8625213503837585,0.42539480328559875,-1.1267462968826294,0.669624924659729,0.5272810459136963,-0.7786216735839844,-0.6091338396072388,-0.6324549913406372,0.21886497735977173,-0.16870221495628357,-0.27403780817985535,0.07489144057035446,0.5163263082504272,0.20518912374973297,-0.4352399706840515,0.07768241316080093,-0.48532381653785706,0.057372085750103,-0.5254380702972412,-0.3612799048423767,-0.24676281213760376,-0.003202287247404456,-0.3141072690486908,-0.006971109192818403,0.07270065695047379,-0.6519335508346558,-0.7038824558258057,0.24644175171852112,0.8480989336967468,0.22941854596138,-0.1450735628604889,-0.25970447063446045,0.7144992351531982,-0.22996588051319122,0.6419356465339661,0.6872850060462952,-0.5829667448997498,-0.08712488412857056,-0.6712310910224915,0.5165426731109619,-0.21604520082473755,-0.5602866411209106,-0.2723310589790344,-0.6759455800056458,-0.3176150918006897,-0.3110162913799286,-0.014658521860837936,-0.9020727276802063,0.38087013363838196,-0.9345875978469849,-0.462509423494339,-0.35171449184417725,0.5005081295967102,0.5676045417785645,0.0296267531812191,-0.15541093051433563,-0.3855772018432617,0.8929279446601868,0.4186957776546478,0.002613829215988517,-0.8096500039100647,0.6257228255271912,0.3881149888038635,-0.5705179572105408,0.5334908962249756,-0.3061252236366272,-0.022160829976201057,-0.5955341458320618,0.208774596452713,0.5010428428649902,-0.2238219976425171,0.832451343536377,0.04401592165231705,-0.09962175786495209,-0.3597063422203064,-0.2315899133682251,0.6664260625839233,-0.7692379951477051,0.06589964032173157,0.1507970094680786,0.22528158128261566,0.7633454203605652,0.4348822236061096,-0.022463183850049973,-0.03555655479431152,-0.42838919162750244,-0.7603214383125305,0.1901230812072754,-0.6831697821617126,-0.6086121201515198,-0.15952828526496887,0.40085017681121826,0.14275720715522766,0.9013868570327759,0.7821131348609924,0.12128998339176178,0.8716519474983215,-0.37030771374702454,0.0199033934623003,-0.3732808828353882,-0.4651872515678406
8,-0.7223397493362427,-0.11855319887399673,-0.9533119201660156,0.5813030004501343,0.49705854058265686,-0.04470604285597801,-0.4454963505268097,-0.30954474210739136,-0.6016604900360107,-0.17308345437049866,0.809553861618042,0.7683852910995483,-0.6775644421577454,-0.3737207353115082,-0.46552661061286926,-0.06874469667673111,0.3134569525718689,0.278549462556839,-0.6876983046531677,-0.45244893431663513,-0.19218267500400543,0.41320550441741943,-0.17135344445705414,-0.4493914246559143,-0.0005384673713706434,-0.1006096601486206,-0.49829646944999695,-0.9480928182601929,0.31088387966156006,-0.8399282097816467,0.7470943927764893,0.5428114533424377,-0.732534646987915,-0.8187257647514343,-0.6883625984191895,0.1443813145160675,-0.19857832789421082,-0.3542044460773468,0.031062260270118713,0.3615303933620453,0.3029117286205292,-0.21271955966949463,0.21966157853603363,-0.5389038920402527,0.022142227739095688,-0.5186542868614197,-0.33177870512008667,-0.47065937519073486,0.2186138927936554,-0.43832266330718994,0.09567839652299881,-0.04710095748305321,-0.9008480906486511,-0.6118502616882324,0.2793516218662262,0.7361896634101868,0.4873969554901123,-0.10077755153179169,-0.15772739052772522,0.6829879879951477,0.10841884464025497,0.47735458612442017,0.545586884021759,-0.530827522277832,-0.0931493490934372,-0.46919575333595276,0.6100005507469177,0.2475590854883194,-0.3931315243244171,-0.16826073825359344,-0.5574159026145935,-0.35554972290992737,-0.22436825931072235,-0.26293519139289856,-0.8858764171600342,0.3099551200866699,-0.7911546230316162,-0.45535677671432495,-0.2265411913394928,0.3567107617855072,0.3818301260471344,-0.1195741519331932,-0.38964909315109253,-0.24876189231872559,0.6806350350379944,0.5504239797592163,-0.355630099773407,-0.7669060826301575,0.5093672871589661,0.17690174281597137,-0.6422023177146912,0.379835307598114,-0.10326126962900162,0.043775856494903564,-0.6427711844444275,0.4696817100048065,0.15814624726772308,-0.4528558552265167,0.7227501273155212,0.0391416996717453,-0.2885744571685791,-0.3840513825416565,-0.03275485709309578,0.6938617825508118,-0.6958643198013306,0.33916404843330383,0.013308137655258179,0.44642192125320435,0.849108099937439,0.43076714873313904,-0.11662265658378601,-0.11881697177886963,-0.44479793310165405,-0.9037001729011536,0.09996392577886581,-0.8288636207580566,-0.6447845101356506,-0.03281097486615181,0.5645819306373596,0.0644577145576477,0.7518012523651123,0.6751708388328552,0.04991481453180313,0.9863181710243225,-0.5110048055648804,0.08288837224245071,-0.40364426374435425,-0.40994226932525635
9,-0.8877192735671997,-0.24490298330783844,-1.1618998050689697,0.8167731761932373,0.5421128273010254,-0.023957621306180954,-0.3293122351169586,-0.5928715467453003,-0.4418683350086212,0.17406366765499115,1.095914602279663,0.7261976003646851,-0.899663507938385,-0.1092521995306015,-0.5586211085319519,0.019276026636362076,0.21677713096141815,0.31173890829086304,-0.5413229465484619,-0.44527870416641235,-0.029388951137661934,0.6293535232543945,-0.34034550189971924,-0.37533318996429443,0.18435797095298767,0.042211923748254776,-0.5372047424316406,-0.9880027174949646,0.18622437119483948,-0.5425605773925781,0.8941320180892944,0.45243221521377563,-0.9487478733062744,-1.128126859664917,-0.6849930286407471,0.30221301317214966,-0.165451779961586,-0.5182592272758484,0.048620760440826416,0.5817491412162781,0.1185515820980072,-0.010811143554747105,0.2865596115589142,-0.5513321757316589,0.05244354158639908,-0.7978308796882629,-0.43753015995025635,-0.7395116090774536,0.3519555330276489,-0.5707828998565674,-0.06210697814822197,-0.049271710216999054,-1.017273187637329,-0.6822806596755981,0.442225843667984,0.5213844180107117,0.8586590886116028,-0.31690600514411926,0.1397971361875534,0.7131325602531433,0.17146392166614532,0.34002140164375305,0.7090526223182678,-0.1621236354112625,-0.19137510657310486,-0.4190014898777008,0.26804035902023315,0.21120703220367432,-0.6516968011856079,-0.2953498959541321,-0.4167290925979614,-0.26716378331184387,-0.29655513167381287,-0.05302969738841057,-0.8787927031517029,0.4833486080169678,-0.8058913946151733,-0.2943151295185089,-0.39848923683166504,0.5658752918243408,0.47813212871551514,-0.22621320188045502,-0.48186376690864563,-0.418163001537323,0.8189520835876465,0.774439811706543,-0.3094114065170288,-0.6978442668914795,0.4457792043685913,0.04006727412343025,-0.9715713858604431,0.5471377372741699,-0.3787727653980255,0.36980506777763367,-0.4298931062221527,0.5263810753822327,0.07316326349973679,-0.47327443957328796,0.7196812629699707,0.33524835109710693,-0.4007185995578766,-0.30270588397979736,-0.2508063316345215,0.6985364556312561,-0.43965858221054077,-0.06992632895708084,0.07657912373542786,0.4772427976131439,0.727935254573822,0.6577417254447937,0.013341935351490974,0.0290115587413311,-0.034407563507556915,-0.9093611836433411,0.19991379976272583,-0.6343340277671814,-0.6879580020904541,-0.10280749946832657,0.4944958984851837,-0.10959849506616592,0.6922479867935181,0.27218106389045715,0.31136491894721985,0.8949534893035889,-0.5281217694282532,0.2255059778690338,-0.6953116655349731,-0.3768877685070038
10,-0.30426451563835144,0.012982129119336605,-0.7219191789627075,0.40019935369491577,0.02451232634484768,-0.4430257976055145,-0.5134432315826416,-0.12887877225875854,-0.8636090159416199,-0.05062507092952728,0.2814942002296448,0.41272586584091187,-0.5363982319831848,-0.2642837464809418,-0.16867172718048096,-0.28975027799606323,0.25832632184028625,0.6041241884231567,-0.9095461964607239,-0.8015628457069397,-0.37988507747650146,0.2591995298862457,-0.25985732674598694,-0.18758487701416016,0.044613879173994064,-0.27666693925857544,-0.34752345085144043,-0.9247996211051941,0.2871001958847046,-1.2598226070404053,0.4658605456352234,0.68378084897995,-0.7855021357536316,-0.22161340713500977,-0.29076775908470154,0.32017624378204346,-0.25030240416526794,-0.25342658162117004,-0.016285929828882217,0.2825275659561157,0.2649204134941101,-0.6247022747993469,-0.01780468225479126,-0.3877188265323639,0.07206087559461594,-0.5129656195640564,-0.16289180517196655,-0.011739558540284634,-0.14043006300926208,-0.2516622543334961,0.1226426362991333,0.07234710454940796,-0.5928638577461243,-0.7048417329788208,0.1601857841014862,0.8856625556945801,-0.12421589344739914,-0.14613088965415955,-0.49252602458000183,0.5408316850662231,-0.4043125510215759,0.6626366376876831,0.6106614470481873,-0.8855892419815063,0.05915550887584686,-0.8690931797027588,0.7064324021339417,-0.40419095754623413,-0.28253161907196045,-0.15122264623641968,-0.8661794662475586,-0.26937437057495117,-0.1357882022857666,-0.2855256199836731,-0.9332621097564697,0.2754378318786621,-0.9202930927276611,-0.4857572615146637,-0.19734759628772736,0.40507936477661133,0.4358084499835968,0.39087656140327454,-0.06415152549743652,-0.09221012890338898,0.9340490698814392,0.11870936304330826,0.25723177194595337,-0.9049851894378662,0.6481603980064392,0.42328938841819763,-0.31183862686157227,0.5499261617660522,-0.09249094128608704,-0.6818733811378479,-0.6498374342918396,0.2743726372718811,0.6495704054832458,-0.19868895411491394,0.5863765478134155,-0.08030693233013153,0.15330900251865387,-0.3746849298477173,-0.06869121640920639,0.45991718769073486,-1.0635263919830322,0.28492629528045654,0.06033114343881607,0.23898816108703613,0.8990039825439453,0.2945308983325958,-0.11607091128826141,-0.0064581590704619884,-0.8395609855651855,-0.6921795606613159,0.3899979591369629,-0.7265942096710205,-0.2296372801065445,0.005645525176078081,0.10544991493225098,0.58406001329422,1.0106168985366821,1.1536462306976318,-0.15358176827430725,0.9642927646636963,-0.18744005262851715,0.15817630290985107,-0.19372983276844025,-0.27227160334587097
11,-0.4503476619720459,-0.04275216907262802,-0.8242838978767395,0.45215150713920593,0.25635403394699097,-0.3441145122051239,-0.5026832818984985,-0.2766135036945343,-0.7824199795722961,-0.042383477091789246,0.5422664284706116,0.5091017484664917,-0.7129871249198914,-0.35066720843315125,-0.3114263415336609,-0.20865385234355927,0.268929123878479,0.5778504610061646,-0.8261104822158813,-0.6664365530014038,-0.32616350054740906,0.384120374917984,-0.21759264171123505,-0.23876582086086273,0.08563746511936188,-0.24435639381408691,-0.4279320240020752,-0.9827694296836853,0.24844208359718323,-1.1469999551773071,0.5811368823051453,0.6470657587051392,-0.8077316284179688,-0.49378764629364014,-0.4453161060810089,0.3135073482990265,-0.161847323179245,-0.2520824372768402,-0.047359686344861984,0.3578431308269501,0.2513899505138397,-0.4263295531272888,0.059114985167980194,-0.47496864199638367,0.09480847418308258,-0.6336351037025452,-0.3005560338497162,-0.21466441452503204,-0.047393351793289185,-0.36398378014564514,0.10337801277637482,-0.004599862731993198,-0.7415415644645691,-0.6730466485023499,0.20015189051628113,0.8397142887115479,0.16854731738567352,-0.16369260847568512,-0.3374271094799042,0.6323941349983215,-0.18355365097522736,0.5974106192588806,0.6333196759223938,-0.6699002385139465,-0.1043020710349083,-0.7598463296890259,0.6711692214012146,-0.14096209406852722,-0.35461896657943726,-0.1954801380634308,-0.6975541710853577,-0.31146737933158875,-0.29298263788223267,-0.2772727906703949,-0.9307525157928467,0.36277469992637634,-0.9418050646781921,-0.4375998377799988,-0.3202126920223236,0.38507896661758423,0.42496904730796814,0.21923841536045074,-0.22944508492946625,-0.16038498282432556,0.9358130693435669,0.24924537539482117,-0.009270013310015202,-0.8071358799934387,0.6226091384887695,0.38971269130706787,-0.5084372162818909,0.5049492716789246,-0.17992642521858215,-0.34180352091789246,-0.6226118803024292,0.2892744243144989,0.49931764602661133,-0.3046520948410034,0.635825514793396,-0.042952314019203186,-0.06849174946546555,-0.3785165250301361,-0.17136313021183014,0.4955380856990814,-1.0113656520843506,0.29673442244529724,0.05579615384340286,0.2858453094959259,0.9020384550094604,0.4324425756931305,-0.07898373156785965,-0.047672074288129807,-0.6047565937042236,-0.809802234172821,0.2947849929332733,-0.7450205087661743,-0.3782256841659546,-0.028486771509051323,0.2930401861667633,0.3217709958553314,0.9815564751625061,0.998460590839386,-0.08509567379951477,0.9691126942634583,-0.34694260358810425,0.17632047832012177,-0.2667868137359619,-0.37996119260787964
12,-0.495913028717041,-0.03515312075614929,-0.8660730719566345,0.516952633857727,0.23497077822685242,-0.256334125995636,-0.5245020389556885,-0.2529444992542267,-0.7350379824638367,-0.0486735962331295,0.5909308195114136,0.5101820826530457,-0.6355798840522766,-0.2561788558959961,-0.342974454164505,-0.1875530332326889,0.2535760998725891,0.5056136250495911,-0.8385077118873596,-0.6357776522636414,-0.3037152886390686,0.3352271616458893,-0.19435694813728333,-0.25262388586997986,0.021847529336810112,-0.14992791414260864,-0.44417059421539307,-0.9079025983810425,0.26430249214172363,-1.071385145187378,0.6472575664520264,0.617878258228302,-0.8074908256530762,-0.5811728835105896,-0.5127139687538147,0.3194735050201416,-0.16449856758117676,-0.2700960636138916,-0.0073053305968642235,0.3273090422153473,0.3443715572357178,-0.45281073451042175,0.04585740342736244,-0.5059023499488831,0.0972445011138916,-0.560588538646698,-0.2821160852909088,-0.30942216515541077,0.02631278708577156,-0.3818541169166565,0.08122154325246811,-0.009150860831141472,-0.717451810836792,-0.6557793021202087,0.25037190318107605,0.8356330394744873,0.24155956506729126,-0.17534276843070984,-0.37798163294792175,0.6205228567123413,-0.23861798644065857,0.587684690952301,0.6700404286384583,-0.640266478061676,0.027468787506222725,-0.7538455724716187,0.614690899848938,-0.14640316367149353,-0.4279848635196686,-0.2727898359298706,-0.7239060401916504,-0.24247843027114868,-0.20506642758846283,-0.23016506433486938,-0.9018368124961853,0.275746613740921,-0.8652637004852295,-0.525789201259613,-0.21271446347236633,0.40943267941474915,0.4967391788959503,0.102874755859375,-0.21998319029808044,-0.23480124771595,0.8077499866485596,0.3767855167388916,0.020429842174053192,-0.8710703253746033,0.6321501731872559,0.2876765727996826,-0.5170551538467407,0.4923003315925598,-0.16928693652153015,-0.34678202867507935,-0.5576916933059692,0.39101216197013855,0.46631380915641785,-0.3041185140609741,0.7333897948265076,0.015964681282639503,-0.0420963317155838,-0.3466438949108124,-0.12038963288068771,0.625289261341095,-0.9271239042282104,0.18042343854904175,0.02976328879594803,0.2964155077934265,0.8790831565856934,0.3739017844200134,-0.07110225409269333,-0.0708685889840126,-0.5727284550666809,-0.8696526885032654,0.2637118995189667,-0.777293860912323,-0.4578639566898346,0.017972202971577644,0.2837797701358795,0.373084157705307,0.8807569146156311,0.8991801142692566,0.041844163089990616,0.9612888693809509,-0.284298300743103,0.09825461357831955,-0.32789239287376404,-0.36805298924446106
13,-0.48969924449920654,-0.0734679326415062,-0.8784230947494507,0.5232128500938416,0.2955998182296753,-0.3076954483985901,-0.4366496205329895,-0.26601794362068176,-0.767198920249939,-0.020865019410848618,0.5669870376586914,0.6399247646331787,-0.6780090928077698,-0.30136555433273315,-0.39583009481430054,-0.22875626385211945,0.3768020570278168,0.4717400074005127,-0.8294674754142761,-0.6277327537536621,-0.23212416470050812,0.4107172191143036,-0.19671708345413208,-0.3479536473751068,0.02125311642885208,-0.192056804895401,-0.43128806352615356,-0.9591512084007263,0.30448126792907715,-1.1253931522369385,0.5748125910758972,0.6312053799629211,-0.8599017858505249,-0.5059317350387573,-0.4462370276451111,0.34954679012298584,-0.17679592967033386,-0.3114493787288666,-0.07599200308322906,0.41134750843048096,0.24943946301937103,-0.45258259773254395,0.05246772989630699,-0.4791039824485779,0.064240962266922,-0.6000558137893677,-0.2910710871219635,-0.33361488580703735,-0.012055163271725178,-0.3359275758266449,0.10436615347862244,0.009104619733989239,-0.7940104603767395,-0.6376289129257202,0.1799236238002777,0.8106299638748169,0.17289923131465912,-0.2131139487028122,-0.2961130142211914,0.7137640118598938,-0.07789827138185501,0.5972151160240173,0.5828050971031189,-0.6800253391265869,-0.13072273135185242,-0.778928279876709,0.6026758551597595,-0.09851308166980743,-0.3227081894874573,-0.08320524543523788,-0.6298506259918213,-0.3112403452396393,-0.3016662895679474,-0.2346981316804886,-0.8800086975097656,0.38259002566337585,-0.9075138568878174,-0.40068215131759644,-0.3479088246822357,0.38005709648132324,0.40863874554634094,0.17097881436347961,-0.3508090674877167,-0.18099179863929749,0.9924910664558411,0.27235347032546997,-0.0244477316737175,-0.8684247136116028,0.604260265827179,0.34071505069732666,-0.5318654775619507,0.5936081409454346,-0.17094235122203827,-0.17502771317958832,-0.5750346183776855,0.3266220688819885,0.4846785068511963,-0.3077954053878784,0.609451413154602,-0.014102738350629807,-0.0365837961435318,-0.39768457412719727,-0.12268506735563278,0.48343855142593384,-0.8854445219039917,0.3007160425186157,0.027906764298677444,0.2669715881347656,0.9270286560058594,0.4986943304538727,-0.09623710811138153,0.050551239401102066,-0.5624325275421143,-0.8093360066413879,0.3456951677799225,-0.7504869103431702,-0.3696792721748352,0.009454295039176941,0.3411402106285095,0.22981573641300201,0.901118814945221,0.9031433463096619,-0.095932736992836,0.942310094833374,-0.4370449185371399,0.25532057881355286,-0.3306868374347687,-0.32979750633239746
14,-0.5591100454330444,-0.06529781967401505,-0.9066415429115295,0.5241453051567078,0.31028303503990173,-0.29432687163352966,-0.48335134983062744,-0.30321764945983887,-0.7143151760101318,-0.07348305732011795,0.6739524602890015,0.5211498737335205,-0.7489954829216003,-0.2753567099571228,-0.34254616498947144,-0.15505364537239075,0.25390905141830444,0.521920919418335,-0.7882009148597717,-0.6591998934745789,-0.26704084873199463,0.3840116262435913,-0.2424883395433426,-0.30170750617980957,0.14247320592403412,-0.14806267619132996,-0.4335446059703827,-0.9945447444915771,0.2978355288505554,-1.1044663190841675,0.6455135345458984,0.6546710133552551,-0.871117115020752,-0.6189962029457092,-0.5314988493919373,0.34105902910232544,-0.186639204621315,-0.34962591528892517,-0.02871854230761528,0.3532576262950897,0.27328771352767944,-0.36756113171577454,0.11757516115903854,-0.5100349187850952,0.11107099801301956,-0.6052060723304749,-0.3452637791633606,-0.30844762921333313,0.030330924317240715,-0.37080106139183044,0.08263404667377472,-0.007501406129449606,-0.7890104055404663,-0.7262228727340698,0.2642626464366913,0.783588171005249,0.2697165906429291,-0.16891558468341827,-0.30016839504241943,0.723437488079071,-0.1745118349790573,0.5714769959449768,0.6328566670417786,-0.6670281887054443,-0.028300488367676735,-0.7173088788986206,0.6033053398132324,-0.12134914100170135,-0.4282344579696655,-0.2542046904563904,-0.6934112310409546,-0.23647932708263397,-0.21110790967941284,-0.1863240897655487,-0.9183396100997925,0.39073359966278076,-0.9305071234703064,-0.4331863522529602,-0.2648804485797882,0.4087502658367157,0.46648773550987244,0.14848163723945618,-0.27763181924819946,-0.2462829351425171,0.9227550029754639,0.37067878246307373,-0.07814984768629074,-0.8062939643859863,0.6187146902084351,0.3131871521472931,-0.5628475546836853,0.5348823666572571,-0.22579792141914368,-0.28788021206855774,-0.6088252067565918,0.3858518600463867,0.39226701855659485,-0.2971545457839966,0.7394251823425293,-0.00616096006706357,-0.14759370684623718,-0.3860291540622711,-0.08350559324026108,0.6220571398735046,-0.8870538473129272,0.19190669059753418,0.05920485034584999,0.29619601368904114,0.901233434677124,0.4099064767360687,-0.0799049511551857,-0.013492648489773273,-0.5335928201675415,-0.8505622148513794,0.3020918369293213,-0.7404550909996033,-0.48088884353637695,-0.05940736085176468,0.2884078323841095,0.3097507655620575,0.9083036780357361,0.8561544418334961,-0.004468314349651337,0.9511706233024597,-0.3352090120315552,0.14506928622722626,-0.39706581830978394,-0.40993207693099976
15,-0.6149594783782959,-0.0984845757484436,-0.940905749797821,0.6270644068717957,0.3622247874736786,-0.17795786261558533,-0.49512094259262085,-0.32772859930992126,-0.7190274000167847,-0.00725086685270071,0.7308903336524963,0.6005337238311768,-0.750406801700592,-0.23094969987869263,-0.37306642532348633,-0.16968722641468048,0.24066272377967834,0.4980887770652771,-0.7740748524665833,-0.5688916444778442,-0.22606703639030457,0.48207154870033264,-0.25131097435951233,-0.3481055498123169,0.039143580943346024,-0.14238253235816956,-0.541131317615509,-0.9371301531791687,0.2548658549785614,-0.9820850491523743,0.637582004070282,0.5145549178123474,-0.8259342908859253,-0.6956138610839844,-0.5635150671005249,0.2735845744609833,-0.16209352016448975,-0.3660402297973633,-0.02682056650519371,0.47777220606803894,0.21669788658618927,-0.30883336067199707,0.1655358374118805,-0.46732184290885925,0.04729977622628212,-0.6052716374397278,-0.3117465674877167,-0.39659321308135986,0.06914007663726807,-0.39542803168296814,0.06148016080260277,-0.0442051887512207,-0.868086576461792,-0.6505396366119385,0.2816876471042633,0.8346042633056641,0.3192603886127472,-0.20441892743110657,-0.1874976009130478,0.6749408841133118,-0.07459989190101624,0.5417417883872986,0.6952168941497803,-0.5868024230003357,-0.1366826593875885,-0.6740785837173462,0.5689043402671814,-0.040857624262571335,-0.42796415090560913,-0.15346428751945496,-0.65943843126297,-0.32301416993141174,-0.2587331235408783,-0.17071975767612457,-0.9287446141242981,0.33343032002449036,-0.8838495016098022,-0.4769039452075958,-0.34577974677085876,0.42872995138168335,0.5053924918174744,0.034991227090358734,-0.31375980377197266,-0.30599644780158997,0.9269448518753052,0.46476104855537415,-0.09969563782215118,-0.8637380003929138,0.6066262125968933,0.2580360174179077,-0.6214197874069214,0.5426722764968872,-0.2127632051706314,-0.06683404743671417,-0.616147518157959,0.34304070472717285,0.3678920269012451,-0.34313851594924927,0.6973546743392944,0.09041925519704819,-0.11301293224096298,-0.3645446300506592,-0.1495586484670639,0.6172574162483215,-0.8082531094551086,0.17083752155303955,0.06310698390007019,0.35266509652137756,0.8613373041152954,0.5166590213775635,-0.05172652751207352,0.010422804392874241,-0.4681953489780426,-0.854144811630249,0.2353113889694214,-0.7447091341018677,-0.5430420637130737,-0.0632893517613411,0.3721809685230255,0.1871034950017929,0.8415769934654236,0.7798693776130676,0.014989596791565418,0.9996205568313599,-0.43847355246543884,0.1883728802204132,-0.3821077346801758,-0.3637101352214813
16,-0.8089724183082581,-0.12973317503929138,-0.9382849335670471,0.615387499332428,0.44691985845565796,-0.08648703992366791,-0.48005589842796326,-0.5644312500953674,-0.5118350386619568,-0.00309020490385592,0.8287834525108337,0.755631148815155,-0.7486497759819031,-0.3125673830509186,-0.42774757742881775,-0.09154587239027023,0.12716753780841827,0.3771851062774658,-0.7545382380485535,-0.45194488763809204,-0.2454005479812622,0.38764092326164246,-0.27890875935554504,-0.32751694321632385,0.011225788854062557,-0.12555553019046783,-0.5567683577537537,-0.8921287655830383,0.36335045099258423,-0.738601803779602,0.9865186214447021,0.622584879398346,-0.6841128468513489,-0.9823646545410156,-0.7358075976371765,0.12764962017536163,-0.1867438554763794,-0.4751133322715759,0.13825270533561707,0.40133824944496155,0.20632252097129822,-0.1605406403541565,0.27064278721809387,-0.5700559616088867,0.07538874447345734,-0.7689717411994934,-0.3270256519317627,-0.4630330801010132,0.13527917861938477,-0.6306164860725403,0.1743723303079605,-0.06488034129142761,-0.8084545731544495,-0.7306538820266724,0.38828539848327637,0.729305624961853,0.7312865853309631,-0.26536649465560913,-0.047587327659130096,0.6238680481910706,-0.009495154954493046,0.29729360342025757,0.5258179903030396,-0.4304327070713043,-0.03868803009390831,-0.4190914034843445,0.4453601837158203,0.21271249651908875,-0.5446226000785828,-0.43862539529800415,-0.6138063669204712,-0.41249868273735046,-0.3409087061882019,-0.14691123366355896,-0.8938062191009521,0.35404467582702637,-0.7061107754707336,-0.3964492082595825,-0.21320755779743195,0.5104727149009705,0.3838651180267334,-0.03145372122526169,-0.2224615514278412,-0.21824246644973755,0.630198061466217,0.6767690181732178,-0.1879761815071106,-0.764911413192749,0.4968445301055908,0.2725321054458618,-0.7417702078819275,0.3495648503303528,-0.21709929406642914,0.06933867186307907,-0.5412554144859314,0.39614737033843994,0.18643800914287567,-0.5962166786193848,0.8241523504257202,0.25169315934181213,-0.2733587920665741,-0.3443857431411743,-0.21981750428676605,0.8298472166061401,-0.6455105543136597,0.062245555222034454,-0.004652184899896383,0.47585296630859375,0.7669710516929626,0.41804736852645874,0.06330429017543793,-0.047252755612134933,-0.3723781704902649,-0.9565681219100952,0.06172152981162071,-0.6655032634735107,-0.6298351883888245,-0.12240999937057495,0.5868804454803467,-0.0017961849225685,0.8782016038894653,0.59195476770401,0.25293511152267456,0.9975413084030151,-0.4226548373699188,-0.033890653401613235,-0.5189467072486877,-0.5785911679267883
17,-0.35532093048095703,-0.019304184243083,-0.7812007665634155,0.5300625562667847,0.08276848495006561,-0.4161764681339264,-0.5467469096183777,-0.15400350093841553,-0.763498067855835,0.016559747979044914,0.4521642029285431,0.39115628600120544,-0.591723620891571,-0.21361467242240906,-0.16304437816143036,-0.2398480623960495,0.2835771143436432,0.5402786135673523,-0.918333888053894,-0.7731208205223083,-0.2922962009906769,0.2672328054904938,-0.27520859241485596,-0.18508748710155487,0.13006317615509033,-0.23900854587554932,-0.3032471835613251,-0.9825829267501831,0.23859573900699615,-1.241645336151123,0.5188724994659424,0.6216031312942505,-0.9140608310699463,-0.41144779324531555,-0.44063708186149597,0.40182411670684814,-0.19099223613739014,-0.20117878913879395,0.0027682995423674583,0.2276376485824585,0.28484776616096497,-0.5679063200950623,-0.033413469791412354,-0.3909856081008911,0.1365084946155548,-0.5937068462371826,-0.19731692969799042,-0.11284113675355911,-0.024891814216971397,-0.2844544053077698,0.036893319338560104,-0.014843812212347984,-0.7179803252220154,-0.690406858921051,0.22271043062210083,0.8993198275566101,0.06235482543706894,-0.14859811961650848,-0.5175408124923706,0.6419920921325684,-0.4203736484050751,0.6050136685371399,0.7266927361488342,-0.8187054991722107,0.03830637037754059,-0.8785972595214844,0.6849663853645325,-0.37417253851890564,-0.4752987325191498,-0.24297334253787994,-0.7927827835083008,-0.31605833768844604,-0.11073967069387436,-0.2533646523952484,-0.9089056849479675,0.281739741563797,-0.9083254933357239,-0.5204297304153442,-0.23849228024482727,0.4325660169124603,0.4888409972190857,0.3419725298881531,-0.11543690413236618,-0.13528361916542053,0.9101943373680115,0.28381016850471497,0.10259903222322464,-0.9486310482025146,0.7093141674995422,0.379129022359848,-0.3396679162979126,0.52781742811203,-0.10099709779024124,-0.5947749614715576,-0.6025522351264954,0.3462138772010803,0.5484140515327454,-0.2286434769630432,0.7036111950874329,-0.025806721299886703,0.11571989208459854,-0.4074849486351013,-0.005359277594834566,0.4500523507595062,-1.0565184354782104,0.163519024848938,0.1228029653429985,0.27841922640800476,0.7862112522125244,0.3770085275173187,-0.10876191407442093,-0.10106705874204636,-0.7399517297744751,-0.7826025485992432,0.4140162467956543,-0.7113456130027771,-0.27019062638282776,0.07591379433870316,0.12570631504058838,0.5439212322235107,0.8971190452575684,1.0491681098937988,-0.08016292750835419,0.934090256690979,-0.15840105712413788,0.10439243167638779,-0.2647733688354492,-0.2689279317855835
18,-0.5070344805717468,-0.1035623773932457,-0.8531749844551086,0.4290560185909271,0.2560941278934479,-0.2615090310573578,-0.4324045181274414,-0.24320997297763824,-0.7865666747093201,-0.11938498169183731,0.5633176565170288,0.5683554410934448,-0.7613601684570312,-0.3404448330402374,-0.35548391938209534,-0.2475670725107193,0.3333176076412201,0.5222947597503662,-0.751691997051239,-0.5718070268630981,-0.29557836055755615,0.42200446128845215,-0.12601032853126526,-0.3316267430782318,0.07102686911821365,-0.21043285727500916,-0.48418328166007996,-0.9910075068473816,0.30971139669418335,-1.0407627820968628,0.539720892906189,0.6588605046272278,-0.714036762714386,-0.4568158984184265,-0.41634124517440796,0.3151809871196747,-0.19556625187397003,-0.2528946101665497,-0.11978587508201599,0.43012893199920654,0.23507261276245117,-0.36344587802886963,0.09949193149805069,-0.45483434200286865,0.022423656657338142,-0.5853983759880066,-0.2834727466106415,-0.3330773413181305,0.02093389257788658,-0.3275330364704132,0.17487604916095734,0.07763200998306274,-0.7577006220817566,-0.5728206634521484,0.21027685701847076,0.8395112156867981,0.15874549746513367,-0.2583000659942627,-0.22101260721683502,0.5252158641815186,-0.0914507582783699,0.5953546762466431,0.5248134136199951,-0.6372132301330566,-0.13021127879619598,-0.677368700504303,0.6244258880615234,-0.12061677128076553,-0.2583189010620117,-0.03818046301603317,-0.6740598678588867,-0.27162039279937744,-0.2293219417333603,-0.27151018381118774,-0.9185753464698792,0.3752562999725342,-0.9153063297271729,-0.48995861411094666,-0.3332096338272095,0.33675670623779297,0.4365656077861786,0.08925490826368332,-0.3367244005203247,-0.23735091090202332,0.9823247790336609,0.27355995774269104,0.0395222082734108,-0.7927736043930054,0.6100219488143921,0.3653852343559265,-0.5287351012229919,0.5206621885299683,-0.15783166885375977,-0.1854850947856903,-0.5974005460739136,0.28761985898017883,0.5138163566589355,-0.3110126256942749,0.5600528717041016,-0.03393577039241791,-0.06814470887184143,-0.3867126703262329,-0.19961027801036835,0.5279197692871094,-0.8534116744995117,0.320649117231369,0.01827971078455448,0.3117637038230896,0.9615170955657959,0.38762593269348145,-0.12425513565540314,0.03393059968948364,-0.5026734471321106,-0.8116866946220398,0.298915296792984,-0.7828747034072876,-0.4431305527687073,-0.13305342197418213,0.2815510630607605,0.2490547001361847,0.8716009259223938,0.9395354986190796,-0.05818340554833412,0.8987857103347778,-0.38400015234947205,0.2943379580974579,-0.23862868547439575,-0.3511751592159271
19,-0.5334782600402832,-0.014002343639731407,-0.8563205599784851,0.48258838057518005,0.1938149482011795,-0.3634391725063324,-0.5235478281974792,-0.20007792115211487,-0.724033534526825,-0.004644467029720545,0.47855883836746216,0.48786917328834534,-0.6664996147155762,-0.23061689734458923,-0.3055765628814697,-0.1544351875782013,0.23065046966075897,0.4191640317440033,-0.9605312347412109,-0.6776453852653503,-0.34567132592201233,0.3242821991443634,-0.28431445360183716,-0.26078000664711,0.03340714052319527,-0.1414903998374939,-0.40492868423461914,-0.8357946872711182,0.2929777204990387,-1.134411096572876,0.5441219210624695,0.5842238068580627,-0.9145417809486389,-0.5874524116516113,-0.4967377483844757,0.2838549017906189,-0.24305149912834167,-0.35822635889053345,0.08097879588603973,0.2792775332927704,0.20615364611148834,-0.37658053636550903,0.006182542536407709,-0.5555880665779114,0.0627952367067337,-0.5497230291366577,-0.2219936102628708,-0.22728967666625977,-0.06458555161952972,-0.30290547013282776,-0.010964900255203247,-0.08430062979459763,-0.720967173576355,-0.7649379968643188,0.2218172252178192,0.8240802884101868,0.12291884422302246,-0.10765741765499115,-0.4911043643951416,0.6856325268745422,-0.30390384793281555,0.6001051068305969,0.5912861227989197,-0.6888406276702881,-0.09306063503026962,-0.7955557107925415,0.6575247049331665,-0.26647090911865234,-0.5401634573936462,-0.22973905503749847,-0.6797656416893005,-0.31862983107566833,-0.18540047109127045,-0.2082251012325287,-0.7953385710716248,0.3598581850528717,-0.8998908400535583,-0.4340820908546448,-0.2515796422958374,0.43444904685020447,0.5235132575035095,0.26102155447006226,-0.1779743731021881,-0.23802106082439423,0.8131543397903442,0.33240610361099243,0.0834176316857338,-0.9393436312675476,0.6234585046768188,0.33323395252227783,-0.5151273608207703,0.45964521169662476,-0.07924368232488632,-0.3798801302909851,-0.5507318377494812,0.2577565908432007,0.4450089931488037,-0.3039027750492096,0.7437652945518494,-0.011211439035832882,0.07490739226341248,-0.3617929518222809,-0.041923731565475464,0.5171972513198853,-1.0345605611801147,0.08856784552335739,0.16854842007160187,0.30324381589889526,0.8144387006759644,0.3444408178329468,-0.014102738350629807,-0.012990184128284454,-0.7568752765655518,-0.7387414574623108,0.3572617769241333,-0.7309166789054871,-0.4710531234741211,0.029777251183986664,0.2832973003387451,0.468432754278183,0.9410516023635864,0.8864445686340332,-0.015045259147882462,0.9742276668548584,-0.2858545184135437,0.02519085817039013,-0.33496391773223877,-0.3433276414871216
20,-0.5092199444770813,-0.07079632580280304,-0.874585747718811,0.4287313222885132,0.30372437834739685,-0.20369714498519897,-0.3424375653266907,-0.220770001411438,-0.7608002424240112,-0.0918038934469223,0.6518135666847229,0.5984193682670593,-0.7028867602348328,-0.34560784697532654,-0.38130101561546326,-0.24188749492168427,0.3828367590904236,0.5094603896141052,-0.7157131433486938,-0.5799427628517151,-0.20637279748916626,0.45560067892074585,-0.05956418812274933,-0.3764430582523346,0.03758886456489563,-0.20977844297885895,-0.543123722076416,-0.976222813129425,0.1720118224620819,-1.1215394735336304,0.5186009407043457,0.5714260339736938,-0.7695531249046326,-0.5110065937042236,-0.4390757381916046,0.40633124113082886,-0.08526211231946945,-0.2994771897792816,-0.1830344945192337,0.45038795471191406,0.37959665060043335,-0.4285193979740143,0.03664860129356384,-0.42345646023750305,0.0808568149805069,-0.59206622838974,-0.4192209541797638,-0.42732352018356323,0.052352648228406906,-0.2988561987876892,0.07200093567371368,0.02128490060567856,-0.8021249771118164,-0.5309260487556458,0.1053687259554863,0.7833460569381714,0.1684093028306961,-0.18652403354644775,-0.17195717990398407,0.7945396900177002,0.0065019261091947556,0.6412076354026794,0.6533094048500061,-0.6523246169090271,-0.060400184243917465,-0.6965614557266235,0.6035431623458862,-0.0049088564701378345,-0.18500617146492004,-0.0627095103263855,-0.6425164341926575,-0.15698343515396118,-0.35513782501220703,-0.23522230982780457,-0.9110733866691589,0.36671513319015503,-0.985636293888092,-0.4099472463130951,-0.31419405341148376,0.3412646949291229,0.39770612120628357,0.0019040204351767898,-0.40679875016212463,-0.1989167034626007,1.0074020624160767,0.223089799284935,-0.17745180428028107,-0.7630378007888794,0.5216466188430786,0.23369818925857544,-0.5539404153823853,0.6238469481468201,-0.18416163325309753,-0.1765175759792328,-0.6001970171928406,0.3209228217601776,0.48063182830810547,-0.2065718024969101,0.5562938451766968,-0.0487031526863575,-0.20083953440189362,-0.34319108724594116,-0.08988875150680542,0.5374177098274231,-0.8556991815567017,0.4477185010910034,-0.06262519210577011,0.1800968199968338,1.0091625452041626,0.5485343337059021,-0.1948736608028412,0.07834584265947342,-0.41127267479896545,-0.8563935160636902,0.2744993567466736,-0.8126145601272583,-0.3707277178764343,-0.024674542248249054,0.31926801800727844,0.16887986660003662,0.8247603178024292,0.8916566967964172,-0.07320264726877213,0.9210646152496338,-0.4704015851020813,0.35844990611076355,-0.30011990666389465,-0.35830429196357727
21,-0.6424731612205505,-0.00275454786606133,-0.8189371228218079,0.6499889492988586,0.21010160446166992,-0.35465216636657715,-0.6843492388725281,-0.4422655701637268,-0.6684929728507996,0.018412506207823753,0.6925969123840332,0.42117881774902344,-0.7164767980575562,-0.1288021057844162,-0.16071166098117828,-0.1243288442492485,0.12317730486392975,0.46303591132164,-0.8244814872741699,-0.698031485080719,-0.36104023456573486,0.33131375908851624,-0.39953768253326416,-0.16264544427394867,0.11417923122644424,-0.11871367692947388,-0.34265634417533875,-0.994150698184967,0.3812326490879059,-0.9727901220321655,0.8677178621292114,0.6448656916618347,-0.8879992365837097,-0.748996913433075,-0.5771965384483337,0.18053863942623138,-0.25081852078437805,-0.29334765672683716,0.147805854678154,0.19873268902301788,0.11011818796396255,-0.3937927484512329,0.1605992317199707,-0.45445576310157776,0.1141563355922699,-0.6614049077033997,-0.14213630557060242,-0.19882027804851532,0.12373826652765274,-0.5594494938850403,0.16547442972660065,-0.0519370511174202,-0.7452585697174072,-0.8518163561820984,0.44420838356018066,0.8627036213874817,0.462534099817276,-0.2100888192653656,-0.4018017053604126,0.46724745631217957,-0.3846665620803833,0.40931937098503113,0.6619300246238708,-0.643050491809845,-0.02420368790626526,-0.7353028059005737,0.4960876405239105,-0.18201947212219238,-0.6898605227470398,-0.45821601152420044,-0.6980103850364685,-0.4420738220214844,-0.040532927960157394,-0.16823402047157288,-0.9587432146072388,0.31409695744514465,-0.7109092473983765,-0.48854002356529236,-0.23574182391166687,0.5951792001724243,0.5560682415962219,0.2534664273262024,-0.03334635868668556,-0.1922813355922699,0.7942730784416199,0.6110231876373291,0.08008173108100891,-0.9482226371765137,0.7106178998947144,0.4232900142669678,-0.49695348739624023,0.3681718707084656,-0.17640048265457153,-0.3411389887332916,-0.6056281328201294,0.44297441840171814,0.2595192790031433,-0.5199704766273499,0.7813224792480469,0.17153339087963104,0.02196536399424076,-0.4806736707687378,-0.07927385717630386,0.5825372338294983,-0.8941492438316345,-0.11068171262741089,0.11261953413486481,0.5418006777763367,0.6855215430259705,0.32501766085624695,0.07233379036188126,-0.2122202217578888,-0.6637855172157288,-0.9365755915641785,0.25404492020606995,-0.640807569026947,-0.4668464958667755,-0.0053086476400494576,0.22819505631923676,0.41373491287231445,0.8860264420509338,0.9131172895431519,0.12384337186813354,0.9291555881500244,-0.24310922622680664,-0.0705324187874794,-0.43529683351516724,-0.31865909695625305
22,-0.49258801341056824,-0.18378141522407532,-1.0056076049804688,0.5447609424591064,0.4086880087852478,-0.16525892913341522,-0.36128586530685425,-0.29318150877952576,-0.6220080256462097,-0.05232128128409386,0.6681762933731079,0.6865170001983643,-0.74195396900177,-0.3726584315299988,-0.5012402534484863,-0.12277790904045105,0.3339958190917969,0.4741089642047882,-0.7376940846443176,-0.48359373211860657,-0.17266376316547394,0.4933556616306305,-0.21934087574481964,-0.3549121916294098,0.07409984618425369,-0.10514983534812927,-0.538438081741333,-0.9840887188911438,0.24803262948989868,-0.9592869281768799,0.5380471348762512,0.5740224719047546,-0.7897886037826538,-0.6366788744926453,-0.5266509056091309,0.40648531913757324,-0.19156959652900696,-0.4690210819244385,-0.1527736783027649,0.5580257773399353,0.31985336542129517,-0.26629993319511414,0.13848792016506195,-0.4854007363319397,0.042868342250585556,-0.6295182704925537,-0.3162165880203247,-0.48509839177131653,-0.0169170293956995,-0.3649412989616394,-0.005331418476998806,0.02901487424969673,-0.8776031136512756,-0.5940571427345276,0.24174176156520844,0.7562420964241028,0.3042757511138916,-0.26841408014297485,-0.15372753143310547,0.8043748736381531,-0.005204771179705858,0.5299906730651855,0.5837613344192505,-0.5994959473609924,-0.11540151387453079,-0.5702034831047058,0.5981332063674927,0.04977673292160034,-0.3543332517147064,-0.08967701345682144,-0.6793814301490784,-0.2102457731962204,-0.40827688574790955,-0.22160007059574127,-0.8483110666275024,0.358596533536911,-0.9937865734100342,-0.44436246156692505,-0.32059019804000854,0.30799388885498047,0.39479103684425354,0.017806630581617355,-0.4581957459449768,-0.2859261929988861,0.8742429614067078,0.4075346887111664,-0.18388885259628296,-0.8204380869865417,0.6071299910545349,0.23628656566143036,-0.6263335347175598,0.5732563138008118,-0.21823014318943024,-0.11154516786336899,-0.5560259819030762,0.332774817943573,0.4367131292819977,-0.266510009765625,0.6520249247550964,0.03963480889797211,-0.16944456100463867,-0.30404409766197205,-0.09510354697704315,0.6006056666374207,-0.7240172028541565,0.3546496331691742,0.11238355934619904,0.26535212993621826,1.0106229782104492,0.4983469843864441,-0.1524716168642044,0.119106225669384,-0.3747658133506775,-0.8095184564590454,0.3120613098144531,-0.741225004196167,-0.4846992790699005,-0.0628657191991806,0.3918904662132263,0.05102047696709633,0.8386749625205994,0.6749383807182312,0.06615033745765686,1.0641940832138062,-0.45904138684272766,0.282275527715683,-0.4607142210006714,-0.44426462054252625
23,-0.998707115650177,-0.0836004689335823,-0.9049309492111206,0.8133423924446106,0.49093982577323914,0.1447066217660904,-0.7413154244422913,-0.6671696901321411,-0.47926607728004456,0.08496754616498947,0.9820420145988464,0.6534997820854187,-0.7736833691596985,-0.1569216251373291,-0.5790657997131348,-0.08705566078424454,0.07625553756952286,0.5300082564353943,-0.7200883030891418,-0.5264341235160828,-0.1197265163064003,0.4964251220226288,-0.3403433561325073,-0.5211817026138306,0.06848414987325668,-0.00767295528203249,-0.7613278031349182,-0.8259977102279663,0.5959477424621582,-0.8918006420135498,1.0122641324996948,0.41695043444633484,-0.6050723195075989,-1.1038583517074585,-0.9525581002235413,-0.08330771327018738,-0.14846323430538177,-0.3883722126483917,0.24324548244476318,0.5734418630599976,0.015047612600028515,-0.17164188623428345,0.23518922924995422,-0.4638347625732422,0.05055047199130058,-0.6019487977027893,-0.4960024356842041,-0.5085713267326355,0.30368772149086,-0.5272262692451477,-0.005544162821024656,0.0003306960279587656,-0.7100557088851929,-0.7417671084403992,0.33995574712753296,0.8389934301376343,0.6979348659515381,-0.15614232420921326,0.0319051630795002,0.8780133128166199,-0.020737331360578537,0.48082903027534485,0.7310009002685547,-0.22519171237945557,-0.10538289695978165,-0.36588048934936523,0.3167082369327545,0.05233163386583328,-0.8232645392417908,-0.5403317809104919,-0.5047164559364319,-0.46375712752342224,-0.354264497756958,0.21894033253192902,-0.9689736366271973,0.416185200214386,-0.7554123401641846,-0.41815412044525146,-0.28616878390312195,0.568947434425354,0.618269145488739,-0.23191940784454346,-0.20867282152175903,-0.5819249749183655,0.7219914197921753,0.7599901556968689,-0.2379009872674942,-0.6981260180473328,0.5224260091781616,0.3028939664363861,-0.8031872510910034,0.4035938084125519,-0.43364933133125305,0.543811023235321,-0.6081315279006958,0.295432448387146,0.1500653475522995,-0.4376414120197296,1.0276739597320557,0.2798459827899933,-0.3339662551879883,-0.37357160449028015,-0.2950710952281952,0.9834568500518799,-0.37716859579086304,-0.19954903423786163,0.17704054713249207,0.39883026480674744,0.510399580001831,0.48349255323410034,0.023537861183285713,-0.12707041203975677,-0.05785951390862465,-0.8451052904129028,-0.02282848209142685,-0.5417221784591675,-0.9537408351898193,-0.27587682008743286,0.7561653852462769,-0.30175983905792236,0.7434470653533936,0.34329575300216675,0.3615749478340149,0.6653050184249878,-0.5138490796089172,-0.2097899615764618,-0.4958617091178894,-0.6601212620735168
24,-0.3984813690185547,-0.02025352045893669,-0.8436070084571838,0.396931529045105,0.1065778136253357,-0.45532435178756714,-0.3943016529083252,-0.1304076910018921,-0.8011044263839722,-0.03916407749056816,0.3630172312259674,0.5044994354248047,-0.5870615839958191,-0.2786111533641815,-0.15197937190532684,-0.25159716606140137,0.3174822926521301,0.400358647108078,-0.9102032780647278,-0.6975226998329163,-0.3826344311237335,0.2627889811992645,-0.22057873010635376,-0.1677485704421997,0.03199775889515877,-0.2933013439178467,-0.24606092274188995,-0.9136080741882324,0.10181634873151779,-1.0566730499267578,0.4446753263473511,0.642268180847168,-0.9099724292755127,-0.3697996437549591,-0.30119723081588745,0.5211307406425476,-0.2523571848869324,-0.19444994628429413,-0.06402507424354553,0.25082162022590637,0.3340376317501068,-0.5425407886505127,-0.057901717722415924,-0.46591514348983765,0.14346948266029358,-0.5952882170677185,-0.2030903398990631,-0.12005224823951721,-0.003406114876270294,-0.3220098316669464,0.07697924971580505,-0.0620240643620491,-0.7739030122756958,-0.6556351780891418,0.19529752433300018,0.747463583946228,0.05465209111571312,-0.23306804895401,-0.417355477809906,0.5147680044174194,-0.3141826391220093,0.6015138626098633,0.6102659106254578,-0.8719016313552856,-0.05634862184524536,-0.8988054990768433,0.6420992612838745,-0.31996434926986694,-0.36757931113243103,-0.04316122084856033,-0.7920130491256714,-0.29237955808639526,-0.12719903886318207,-0.3258611261844635,-0.7924911379814148,0.32383716106414795,-0.888469934463501,-0.5089361071586609,-0.3027060627937317,0.3991716802120209,0.4854116439819336,0.32129642367362976,-0.13927796483039856,0.001118476502597332,0.8569104671478271,0.1790190041065216,0.16528327763080597,-0.9608113169670105,0.5849491953849792,0.354288786649704,-0.41997063159942627,0.5650036931037903,-0.032078154385089874,-0.7051988244056702,-0.5476618409156799,0.31689828634262085,0.594447672367096,-0.300632506608963,0.6263502240180969,-0.06776618212461472,0.14003297686576843,-0.3446619212627411,-0.02477310784161091,0.3462921977043152,-1.153615951538086,0.20237356424331665,0.04412804916501045,0.3094002604484558,0.9738236665725708,0.30270788073539734,-0.058764711022377014,-0.013941198587417603,-0.8098440766334534,-0.8154615163803101,0.42822524905204773,-0.7245394587516785,-0.21101202070713043,0.07940556854009628,0.06126811355352402,0.6480789184570312,0.9110929369926453,1.1067043542861938,-0.15337052941322327,1.0489693880081177,-0.18310771882534027,0.2607828676700592,-0.24240078032016754,-0.23494508862495422
25,-0.4643915593624115,-0.043702468276023865,-0.8023194670677185,0.3827059268951416,0.23344209790229797,-0.36491209268569946,-0.3893830180168152,-0.1899849772453308,-0.8055403828620911,-0.12730950117111206,0.564791738986969,0.4852282702922821,-0.6860882639884949,-0.3295145332813263,-0.341728538274765,-0.24888041615486145,0.3704204857349396,0.5007498264312744,-0.8057815432548523,-0.6608050465583801,-0.21777620911598206,0.3481460511684418,-0.11420700699090958,-0.26452016830444336,0.014486707746982574,-0.171139657497406,-0.5050780773162842,-0.9499374032020569,0.2609129846096039,-1.201102614402771,0.5063121914863586,0.6853445172309875,-0.737720787525177,-0.42958447337150574,-0.4060390591621399,0.30382856726646423,-0.1344737708568573,-0.2339187115430832,-0.1085895225405693,0.3827214539051056,0.3815794587135315,-0.4691733419895172,0.043487463146448135,-0.4752427637577057,0.09385719895362854,-0.6052936911582947,-0.3130885064601898,-0.26086264848709106,-0.10145621746778488,-0.27823302149772644,0.11338230222463608,0.029414784163236618,-0.7349321842193604,-0.6657898426055908,0.16662932932376862,0.8974853157997131,0.059415463358163834,-0.19543465971946716,-0.3901204764842987,0.632929801940918,-0.11251074075698853,0.5826890468597412,0.5832571387290955,-0.7205007672309875,-0.049107328057289124,-0.8133748173713684,0.7219840884208679,-0.08658415079116821,-0.2810228168964386,-0.1498490422964096,-0.7517839670181274,-0.19068391621112823,-0.21178202331066132,-0.27081719040870667,-0.9129470586776733,0.28229305148124695,-0.9594392776489258,-0.42069482803344727,-0.27767255902290344,0.34653711318969727,0.36477044224739075,0.15310528874397278,-0.2900758683681488,-0.13034383952617645,0.9995698928833008,0.1891493946313858,-0.04819216951727867,-0.8185696601867676,0.637434184551239,0.3664415180683136,-0.4836408197879791,0.4932516813278198,-0.07517392933368683,-0.31421804428100586,-0.5846784114837646,0.31446370482444763,0.5519288778305054,-0.22991079092025757,0.5784617066383362,-0.006542832590639591,-0.002436139155179262,-0.39044806361198425,-0.09881986677646637,0.5270728468894958,-0.999840259552002,0.4093226194381714,-0.008710524998605251,0.22312913835048676,0.9131776690483093,0.461804062128067,-0.17660760879516602,0.00839260220527649,-0.622407853603363,-0.8274877667427063,0.33109548687934875,-0.7939384579658508,-0.3255425691604614,0.04631064087152481,0.20967425405979156,0.3614831566810608,0.9026352167129517,1.0059951543807983,-0.10826115310192108,0.9451439380645752,-0.33798807859420776,0.21446174383163452,-0.2099059522151947,-0.35257309675216675
26,-0.45555657148361206,-0.04132072255015373,-0.8213546276092529,0.5181209444999695,0.30555668473243713,-0.27721065282821655,-0.3478717803955078,-0.18678389489650726,-0.6862432360649109,-0.06857309490442276,0.6351420879364014,0.6312772631645203,-0.7521852254867554,-0.36991289258003235,-0.3307022750377655,-0.17961621284484863,0.3577693998813629,0.4828166961669922,-0.7513359189033508,-0.6192773580551147,-0.2471657246351242,0.43638232350349426,-0.16255244612693787,-0.3822588324546814,0.06251727789640427,-0.2423078715801239,-0.42403772473335266,-0.9265319108963013,0.19722121953964233,-1.1486135721206665,0.5595869421958923,0.5865994095802307,-0.8224576115608215,-0.47824224829673767,-0.4291224181652069,0.3829694390296936,-0.13964807987213135,-0.3470284044742584,-0.12976832687854767,0.3672885298728943,0.3569718599319458,-0.3085097074508667,0.05479219928383827,-0.33798861503601074,0.0038033942691981792,-0.6001650094985962,-0.3477325737476349,-0.39678165316581726,-0.017717288807034492,-0.2584402859210968,0.10552410036325455,-0.03896581009030342,-0.7181547284126282,-0.5868960618972778,0.19388706982135773,0.8192995190620422,0.19466382265090942,-0.20162566006183624,-0.2421911507844925,0.7650851011276245,-0.11556664854288101,0.6361583471298218,0.622158944606781,-0.6494494080543518,-0.031186256557703018,-0.7580218315124512,0.5996255874633789,-0.1433345526456833,-0.2557995319366455,-0.15700529515743256,-0.6649327278137207,-0.17631347477436066,-0.2560189366340637,-0.2044360488653183,-0.9595253467559814,0.34407567977905273,-0.91123366355896,-0.44262078404426575,-0.30934637784957886,0.445540189743042,0.3869132995605469,0.120790496468544,-0.31682151556015015,-0.21420414745807648,0.9425272345542908,0.27044329047203064,-0.0567193366587162,-0.804600715637207,0.6576534509658813,0.31006741523742676,-0.5753078460693359,0.5196266174316406,-0.17973284423351288,-0.30935680866241455,-0.6212416291236877,0.3573090136051178,0.38378220796585083,-0.308503657579422,0.5549247860908508,-0.07500746101140976,-0.1295335739850998,-0.3042055666446686,-0.13074851036071777,0.6145346760749817,-0.882562518119812,0.3652813732624054,-0.012493623420596123,0.24857714772224426,1.002830982208252,0.374931275844574,-0.10224985331296921,0.12258154153823853,-0.51939857006073,-0.7890071868896484,0.21140886843204498,-0.7456262707710266,-0.32559722661972046,-0.007125753443688154,0.349456250667572,0.22178412973880768,0.8446519374847412,0.9199057817459106,-0.057178374379873276,0.9018058776855469,-0.31660863757133484,0.2799642086029053,-0.24069415032863617,-0.3502907454967499
27,-0.5401726365089417,-0.07093610614538193,-0.7658517956733704,0.5173744559288025,0.200001522898674,-0.39771604537963867,-0.5895698666572571,-0.26534098386764526,-0.6808308362960815,0.020673446357250214,0.5521776080131531,0.38297873735427856,-0.6432992219924927,-0.1227707713842392,-0.18464869260787964,-0.14819718897342682,0.12808114290237427,0.505416214466095,-0.7915903925895691,-0.6582439541816711,-0.3083730936050415,0.3896864056587219,-0.3500387668609619,-0.17345331609249115,0.09436545521020889,-0.12025303393602371,-0.35280534625053406,-0.9341719746589661,0.31598660349845886,-0.9921154379844666,0.7440601587295532,0.5709917545318604,-0.874885618686676,-0.609194815158844,-0.5211254358291626,0.3687594532966614,-0.16385674476623535,-0.3069385588169098,0.11730648577213287,0.241623193025589,0.15931053459644318,-0.45397549867630005,0.0945817083120346,-0.5666319727897644,0.22925201058387756,-0.693507730960846,-0.2032945603132248,-0.31104716658592224,0.0817149206995964,-0.44081413745880127,0.16379046440124512,-0.07594665884971619,-0.8112369179725647,-0.6768659353256226,0.39111968874931335,0.7744398713111877,0.2750172019004822,-0.19414953887462616,-0.31550660729408264,0.48128172755241394,-0.32451215386390686,0.39137205481529236,0.6096594333648682,-0.6443986892700195,-0.07435673475265503,-0.7133402824401855,0.6223679184913635,-0.2016890048980713,-0.5830819606781006,-0.2099158763885498,-0.7151566743850708,-0.487102210521698,-0.1002965196967125,-0.12294716387987137,-0.8329209685325623,0.32640182971954346,-0.8045682907104492,-0.4566044807434082,-0.2660176157951355,0.4820188283920288,0.47920116782188416,0.21432386338710785,-0.034148920327425,-0.2121141254901886,0.772277295589447,0.4153512418270111,0.09143644571304321,-0.984166145324707,0.6301776170730591,0.38636645674705505,-0.39984843134880066,0.4713437259197235,-0.06520859152078629,-0.2918657660484314,-0.5226394534111023,0.2820327877998352,0.49785706400871277,-0.41105231642723083,0.8490875959396362,0.09134095907211304,0.08045907318592072,-0.49683231115341187,0.0014908220618963242,0.4485692083835602,-0.9969256520271301,-0.05702696368098259,0.10510001331567764,0.334848552942276,0.758327066898346,0.4460141956806183,-0.03858809173107147,-0.07466810941696167,-0.585643470287323,-0.9039012789726257,0.335439532995224,-0.7158357501029968,-0.4283249080181122,-0.039897069334983826,0.15509845316410065,0.42410722374916077,0.9371129870414734,0.9308133125305176,0.01390418317168951,0.9960657954216003,-0.2011391967535019,0.01925918646156788,-0.3939632773399353,-0.33405232429504395
28,-0.4981754422187805,0.012990342453122139,-0.9002243280410767,0.39759179949760437,0.2189907431602478,-0.33674222230911255,-0.3781125247478485,-0.21622700989246368,-0.7239444851875305,-0.07925683259963989,0.5366698503494263,0.6035874485969543,-0.7523149251937866,-0.37989258766174316,-0.35239341855049133,-0.1820354014635086,0.34160882234573364,0.4284210503101349,-0.8737286925315857,-0.6337294578552246,-0.21667011082172394,0.41131848096847534,-0.11219809949398041,-0.39099234342575073,-0.01332120317965746,-0.1994001567363739,-0.4260052740573883,-0.9427599906921387,0.18685360252857208,-1.0889010429382324,0.42575952410697937,0.6438832879066467,-0.8056276440620422,-0.48800092935562134,-0.40341371297836304,0.35053750872612,-0.17706885933876038,-0.32106471061706543,-0.13078470528125763,0.45219722390174866,0.3771206736564636,-0.42673519253730774,-0.007547042332589626,-0.38415834307670593,0.008203466422855854,-0.5984897613525391,-0.34813591837882996,-0.2714220881462097,-0.08569133281707764,-0.24480855464935303,0.034701716154813766,0.0230801310390234,-0.7374393939971924,-0.6623649001121521,0.16389228403568268,0.8388104438781738,0.10798539221286774,-0.19279763102531433,-0.28733953833580017,0.69544917345047,-0.14191824197769165,0.5953159928321838,0.5821511149406433,-0.6676910519599915,-0.09686676412820816,-0.8111484050750732,0.6061888933181763,-0.20111729204654694,-0.3151766359806061,-0.10560312867164612,-0.6490706205368042,-0.13912147283554077,-0.2604002356529236,-0.23993827402591705,-0.8474788665771484,0.35943394899368286,-0.9106678366661072,-0.38250336050987244,-0.28301894664764404,0.3513951599597931,0.4435231387615204,0.12729831039905548,-0.3308805525302887,-0.21365398168563843,0.9845340251922607,0.22019048035144806,-0.005316058173775673,-0.8156012892723083,0.5609697699546814,0.36514967679977417,-0.548572301864624,0.6056727766990662,-0.07515335083007812,-0.2927314341068268,-0.5876315832138062,0.2760392725467682,0.5288459062576294,-0.23604683578014374,0.5362879633903503,-0.029931483790278435,-0.04140583425760269,-0.3530694246292114,-0.08903319388628006,0.5668653845787048,-0.8560926914215088,0.38725170493125916,0.04015010595321655,0.24875245988368988,0.9408721923828125,0.3742399215698242,-0.12880326807498932,0.06858908385038376,-0.633527398109436,-0.8135056495666504,0.3138384521007538,-0.7463035583496094,-0.31461718678474426,-0.025676310062408447,0.3001552224159241,0.2827575206756592,0.8045445084571838,0.9541093707084656,-0.021553555503487587,0.9781479835510254,-0.32085704803466797,0.27618855237960815,-0.2485562413930893,-0.40630102157592773
29,-0.696155309677124,-0.25192439556121826,-0.8677955269813538,0.7745577096939087,0.2752200663089752,-0.067985899746418,-0.6635647416114807,-0.5150258541107178,-0.46515992283821106,0.14631763100624084,0.7726204991340637,0.5625185370445251,-0.6821256279945374,0.008213155902922153,-0.2908039689064026,-0.11380411684513092,0.15303945541381836,0.31528356671333313,-0.6368246674537659,-0.6006328463554382,-0.3425719738006592,0.26860666275024414,-0.30987250804901123,-0.20574642717838287,0.0595942884683609,0.08550471067428589,-0.4302976429462433,-0.9577470421791077,0.46699944138526917,-1.0509860515594482,1.067557454109192,0.5187476873397827,-0.7466936707496643,-1.0198572874069214,-0.7813760638237,0.14622998237609863,-0.23477289080619812,-0.18876023590564728,0.23641300201416016,0.2587226629257202,0.006348438560962677,-0.1983896940946579,0.11220184713602066,-0.5488340258598328,0.09034024178981781,-0.7115839719772339,-0.18923120200634003,-0.3427356779575348,0.19725100696086884,-0.7075929045677185,-0.014285660348832607,-0.12269721925258636,-0.8852161169052124,-0.8053382039070129,0.5427790284156799,0.8386082053184509,0.698599636554718,-0.3289574682712555,-0.28726866841316223,0.48877617716789246,-0.33423593640327454,0.36456331610679626,0.7570059895515442,-0.5961706042289734,0.030998103320598602,-0.42829814553260803,0.39260363578796387,-0.08371328562498093,-0.8255308866500854,-0.5819485187530518,-0.6333675980567932,-0.5957880616188049,-0.028984081000089645,-0.1331166923046112,-0.9060766100883484,0.3562184274196625,-0.8597346544265747,-0.5707381367683411,-0.31349486112594604,0.5020564198493958,0.6231882572174072,0.09410817176103592,0.060239050537347794,-0.250837117433548,0.6026938557624817,0.7942190170288086,-0.24479179084300995,-1.0070774555206299,0.6996840834617615,0.33320870995521545,-0.6389487385749817,0.2394862025976181,-0.32697707414627075,-0.03463602438569069,-0.6053184866905212,0.32326316833496094,0.13089972734451294,-0.5373669862747192,0.8665152192115784,0.28331664204597473,-0.03416386619210243,-0.48485517501831055,-0.05546579882502556,0.8356216549873352,-0.8879113793373108,-0.25960808992385864,0.29759281873703003,0.5705834627151489,0.5291624069213867,0.4374091923236847,0.04141886904835701,-0.2971029281616211,-0.517809271812439,-0.8888526558876038,0.24620337784290314,-0.6642661690711975,-0.644375741481781,0.04000486806035042,0.3324321508407593,0.17470917105674744,1.0124485492706299,0.7659769654273987,0.2239411175251007,0.7484292387962341,-0.15871664881706238,-0.1683606505393982,-0.5342327356338501,-0.381088525056839
30,-0.7696860432624817,-0.018740519881248474,-1.1679128408432007,0.6086573004722595,0.7806413173675537,0.05426916852593422,-0.2850038409233093,-0.5036906599998474,-0.5661903023719788,-0.19417181611061096,1.1615666151046753,0.7114452123641968,-0.7813224196434021,-0.43420514464378357,-0.6779468059539795,0.09081580489873886,0.32556092739105225,0.3773788809776306,-0.6346389651298523,-0.41477474570274353,0.04287613928318024,0.7626000046730042,-0.33790886402130127,-0.599267303943634,0.12910258769989014,-0.06659314036369324,-0.5936717987060547,-1.050930380821228,0.2631399631500244,-0.6131985187530518,0.6490810513496399,0.5781205296516418,-0.8545519113540649,-1.0961052179336548,-0.6941423416137695,0.11444517225027084,-0.09185878187417984,-0.7071146965026855,0.0027670562267303467,0.5176158547401428,0.28719601035118103,-0.021448280662298203,0.42838194966316223,-0.4035297632217407,-0.0763593316078186,-0.7350944876670837,-0.4825143814086914,-0.8695980310440063,0.3304225504398346,-0.38874027132987976,0.2315996289253235,-0.04899413883686066,-1.0106874704360962,-0.5084002017974854,0.3491573631763458,0.5957367420196533,0.6623069047927856,-0.28240692615509033,0.22866328060626984,1.030287504196167,0.42974284291267395,0.5089061260223389,0.6356391310691833,-0.32339805364608765,-0.2624019384384155,-0.5408150553703308,0.5196214914321899,0.30997419357299805,-0.3439890146255493,-0.060948390513658524,-0.43127620220184326,-0.19041450321674347,-0.375394731760025,-0.00898739043623209,-0.9504451751708984,0.40328094363212585,-0.8061922192573547,-0.27527204155921936,-0.3337242007255554,0.28224799036979675,0.31966549158096313,-0.18105505406856537,-0.658841073513031,-0.4397532343864441,0.9781073927879333,0.6865825057029724,-0.3669836223125458,-0.6823999285697937,0.3547860383987427,0.09107472747564316,-0.7745576500892639,0.5225640535354614,-0.20623789727687836,0.4607420861721039,-0.45266056060791016,0.5330445766448975,0.024706795811653137,-0.5839800834655762,0.6622461676597595,0.18519063293933868,-0.5336929559707642,-0.22124230861663818,-0.07343453913927078,0.7458093762397766,-0.34064793586730957,0.380298912525177,-0.1319756656885147,0.3466452956199646,0.9458128213882446,0.6743682026863098,-0.16767151653766632,0.24567711353302002,0.03703705221414566,-0.9393435716629028,0.04257255420088768,-0.7290099859237671,-0.7180330753326416,-0.12097048759460449,0.6944458484649658,-0.4240640699863434,0.5162371397018433,0.25074803829193115,0.10772960633039474,1.0277774333953857,-0.7893596887588501,0.2932254374027252,-0.583681046962738,-0.6500037312507629
