-0.041610922664403915,1.2687746286392212,1.5668249130249023,-1.6407732963562012,-0.5924100875854492,0.10721682012081146,-1.4505277872085571,1.1908841133117676,0.3067728281021118,-1.1540379524230957,-1.1297783851623535,0.7529409527778625,-0.8031673431396484,-0.10056313872337341,1.5724246501922607,2.013733148574829,-0.6505701541900635,1.9448689222335815,-0.9318034052848816,-0.5038542151451111,1.134957194328308,-0.31231144070625305,-1.4362210035324097,-1.2995922565460205,1.0057204961776733,0.2703799605369568,0.6445858478546143,0.1858343929052353,-0.7706710696220398,0.4171240031719208,-1.4374901056289673,-1.809751272201538,-2.2349648475646973,-1.5147374868392944,-1.0595451593399048,0.649061918258667,-0.19473473727703094,1.1997580528259277,-0.33040404319763184,-1.605385184288025,-1.1251827478408813,-0.250645250082016,-1.4297411441802979,-0.6820916533470154,0.728578507900238,0.375166654586792,-0.7449364066123962,-0.5364410877227783,-1.0739654302597046,-0.5067665576934814,0.3208106756210327,1.8729180097579956,-0.2855125963687897,1.0326873064041138,-0.3980715870857239,1.1197924613952637,0.9061234593391418,-1.800085425376892,-0.00241976510733366,-0.5619558691978455,-1.0384823083877563,0.384293794631958,-0.8427475690841675,0.7673378586769104,-0.5049636960029602,1.38931405544281,0.5855611562728882,0.7124180197715759,0.24299348890781403,0.9290823340415955,-1.1395598649978638,-1.8410917520523071,0.16110403835773468,0.9067765474319458,-0.5438839793205261,1.837767243385315,-1.4365686178207397,-0.8529564738273621,-0.947592556476593,-0.6210688352584839,-2.245462417602539,-0.22877180576324463,-0.08682328462600708,-0.2713145911693573,-0.6899150609970093,1.3473198413848877,-0.946826159954071,-0.9876165986061096,-1.5716015100479126,1.2873241901397705,0.8843402862548828,-0.5635488033294678,1.0266739130020142,1.5028902292251587,0.3742339313030243,1.26329505443573,-1.746727466583252,0.22051599621772766,-1.7409932613372803,0.9590712785720825,-0.7632622718811035,-0.29843974113464355,1.13383948802948,2.2390756607055664,-0.06827187538146973,2.676693916320801,0.7350690960884094,-1.219754695892334,-1.923469066619873,-0.8843235969543457,-0.31591230630874634,-0.2249484360218048,-0.3745753765106201,-0.7270084023475647,0.22568529844284058,0.8736879825592041,0.5449379086494446,0.4885024428367615,0.4837053418159485,-1.3084717988967896,0.5881080627441406,0.4982818365097046,0.4010698199272156,0.42481791973114014,-0.3387247920036316,1.4947011470794678,0.41582489013671875,0.85999995470047
0.5372663140296936,1.9584721326828003,1.709630012512207,-1.5369638204574585,-0.4189375042915344,0.2270100861787796,-0.9708921313285828,1.1426059007644653,-1.64364492893219,-0.11917624622583389,-0.20549246668815613,0.6939690709114075,-0.11299198120832443,0.21778421103954315,-0.3891216516494751,0.48275521397590637,-0.09020871669054031,1.4542622566223145,0.3112274408340454,0.9528060555458069,-0.1397797018289566,-0.7960819005966187,-0.6515038013458252,-1.1359834671020508,-0.8093082904815674,-0.8936623930931091,-0.17391258478164673,-0.7030726075172424,-0.35123512148857117,0.44224822521209717,-0.3232416808605194,-2.861574411392212,0.22541621327400208,-0.2578926384449005,-1.023877739906311,-0.6140989065170288,-0.0359695628285408,1.1329662799835205,0.9160190224647522,0.7205660939216614,-0.40116629004478455,0.01951906830072403,-0.5216760635375977,-0.883690595626831,1.1808035373687744,1.9365264177322388,0.05639343336224556,-1.7006924152374268,1.1660716533660889,-1.3288878202438354,-0.9567512273788452,0.12142018973827362,1.285237431526184,0.17296113073825836,0.9364594221115112,0.29847848415374756,0.9434364438056946,-1.1622430086135864,0.9283642172813416,0.7823822498321533,0.6837028861045837,1.162192940711975,-0.25735723972320557,-0.15642189979553223,0.926192581653595,0.9984242916107178,-0.17082446813583374,1.5527042150497437,0.9471192955970764,-0.6143217086791992,-1.1650727987289429,-0.9182620048522949,0.8110641241073608,0.3887132704257965,0.3836444616317749,-0.005473337601870298,-0.2161419838666916,-1.3124313354492188,-1.5247578620910645,-0.35985124111175537,-0.5852020978927612,-0.1332637071609497,0.7883563041687012,-0.3942549228668213,-0.5621377825737,-1.082552433013916,0.28938528895378113,-1.2235972881317139,0.6178381443023682,0.3277781307697296,1.2259955406188965,0.82624751329422,0.42961016297340393,1.0657941102981567,1.7175863981246948,0.6415736675262451,-1.2588940858840942,1.2872846126556396,-1.0355637073516846,-0.4713119566440582,0.9681482315063477,-1.3505419492721558,1.1650269031524658,0.8479264378547668,2.661344528198242,0.7351749539375305,1.390844702720642,-0.38882261514663696,0.8790114521980286,0.39081424474716187,-0.473970890045166,-0.9096018671989441,-0.7605810761451721,-0.7934268712997437,-0.450156569480896,0.3057299852371216,-0.1340077817440033,2.260457754135132,0.046429719775915146,-0.967280924320221,1.9455660581588745,1.5353540182113647,1.9379576444625854,1.8875824213027954,-1.5222152471542358,1.4262359142303467,1.4766520261764526,-0.07731883227825165
0.7942611575126648,2.1427345275878906,0.9212663769721985,0.06159909442067146,1.182767629623413,-1.101501226425171,-0.4872916042804718,0.7505699396133423,-2.3539860248565674,-0.20627461373806,-1.4112589359283447,0.009669499471783638,-0.26854172348976135,-1.5831698179244995,0.9136490225791931,-0.07474672794342041,0.6949188709259033,0.9639844298362732,-0.12808586657047272,0.7938385009765625,0.2621672451496124,-0.21239657700061798,1.3137412071228027,-2.0506107807159424,-0.5904364585876465,0.20026978850364685,-0.08675295859575272,-1.3001800775527954,-0.29301953315734863,0.18010607361793518,-0.21346285939216614,0.34025317430496216,-0.11096981167793274,-0.8402101397514343,-0.0046671656891703606,0.21778754889965057,-0.6474460363388062,0.46053439378738403,1.2478147745132446,-1.3556323051452637,-0.8372864723205566,1.5179301500320435,1.427962064743042,-1.2893699407577515,0.9642227292060852,1.3162109851837158,-0.18873398005962372,-0.22451971471309662,-0.5474576354026794,-0.1877000480890274,1.7416188716888428,0.561280369758606,-0.9541749954223633,-0.4561985731124878,1.0721689462661743,1.9374881982803345,-0.2685386538505554,-0.9026076793670654,1.0787750482559204,-0.16154378652572632,0.32977211475372314,-0.6174620985984802,-0.13972385227680206,0.5060871243476868,1.337555170059204,-0.681789219379425,-1.3170099258422852,0.593595564365387,1.4579073190689087,-0.726508617401123,-1.4407275915145874,0.3453714847564697,-0.6870062947273254,0.08981581777334213,0.15040738880634308,-0.15320606529712677,0.00235492130741477,-0.31020301580429077,0.680246889591217,0.07142238318920135,-1.6518956422805786,-0.154860720038414,-0.3127467930316925,-1.3651587963104248,-1.0006439685821533,1.5100609064102173,1.7377640008926392,-1.9380980730056763,-0.04037611931562424,-0.39747369289398193,0.14449279010295868,-1.1809908151626587,0.595609724521637,-0.06821972876787186,-0.29202938079833984,1.8952267169952393,0.7722443342208862,-1.3642042875289917,-0.978899359703064,-1.4454402923583984,-0.8180679678916931,-1.4120800495147705,0.4167288541793823,0.35086560249328613,0.7887864112854004,0.9579123258590698,1.642712116241455,-1.0569697618484497,-0.49929478764533997,-0.6557914018630981,-0.646079957485199,-0.6746041774749756,0.20958194136619568,-0.9156493544578552,1.1180685758590698,0.4546666741371155,-0.4322974979877472,1.2166543006896973,0.06413613259792328,-0.3632363975048065,-0.6740967035293579,0.7159323692321777,-0.5384523868560791,1.1352660655975342,0.23463407158851624,-0.22515322268009186,-0.2200729250907898,1.8877671957015991
0.010748839005827904,0.2570655941963196,1.521510362625122,-2.1089797019958496,-0.8934442400932312,-0.3724057674407959,-0.4759778678417206,-0.6103230118751526,-1.6737191677093506,-1.7895945310592651,0.16214662790298462,1.8056389093399048,-0.6659045219421387,-0.052758801728487015,0.5669618248939514,-0.018513932824134827,-1.5699517726898193,1.7333730459213257,-0.3567136228084564,1.6243120431900024,0.12182218581438065,-0.42337536811828613,-0.8190887570381165,-0.2509714663028717,0.3565577566623688,0.06648897379636765,1.313713550567627,-0.44958266615867615,-1.4680219888687134,0.9233081936836243,0.04338844493031502,-0.7102506160736084,-2.345924139022827,-1.510245442390442,0.5137677788734436,-1.695878267288208,-0.009831767529249191,1.2566934823989868,0.1377640664577484,-1.4099119901657104,-0.004599287174642086,-1.0529505014419556,-1.4407888650894165,-0.2807072401046753,1.4103410243988037,0.5092795491218567,-1.5696486234664917,1.1658008098602295,0.6666663289070129,-2.66312837600708,1.7927910089492798,0.7421656847000122,-1.4064481258392334,1.3968416452407837,0.14246010780334473,1.4874467849731445,-0.17082257568836212,-1.3341567516326904,0.23903442919254303,0.7441547513008118,0.7623676061630249,0.5516923666000366,-0.32733041048049927,-0.5342751145362854,-0.10985299199819565,3.1133534908294678,-0.857360303401947,0.20030267536640167,1.8605060577392578,0.2737630605697632,0.7219878435134888,-0.856154203414917,0.663371741771698,-1.2005246877670288,-2.0578954219818115,0.6305991411209106,0.6349021792411804,-1.7689138650894165,-0.23598799109458923,-1.5092670917510986,-0.33520761132240295,1.0537015199661255,0.45332807302474976,1.2709977626800537,-0.9317578673362732,0.41987887024879456,0.8615429401397705,-0.7908757925033569,0.16314633190631866,1.6997981071472168,0.8057070970535278,-0.1301831156015396,-0.9868835210800171,1.233810544013977,0.6689942479133606,0.6550193428993225,0.012993638403713703,0.03034484200179577,-0.7005901336669922,0.7200137376785278,-0.4482344388961792,-0.802288830280304,0.21525830030441284,0.44575586915016174,1.5208606719970703,0.47040584683418274,-0.6096823811531067,-0.06894417852163315,-0.2330021858215332,-1.044244647026062,0.3042396903038025,-2.208909034729004,0.5497941970825195,0.034472353756427765,0.2984376847743988,-0.19703710079193115,0.3112243115901947,0.24938763678073883,0.8346186876296997,-0.9991405010223389,0.89011549949646,1.3959687948226929,-0.3620997965335846,0.12072890251874924,-0.45328131318092346,1.158434271812439,0.6317542791366577,0.20399110019207
1.0174081325531006,0.4060119390487671,0.1346404105424881,-0.5023071765899658,0.12275931984186172,-0.2579142451286316,-0.26528200507164,-0.1221081018447876,0.2662186622619629,-1.3545722961425781,0.9376461505889893,-0.16147969663143158,1.2398415803909302,0.3994460701942444,0.7887378931045532,0.21427616477012634,-0.11154025793075562,1.157250165939331,-1.671642780303955,-0.5064149498939514,0.7167462706565857,-0.3555167317390442,0.7489490509033203,-1.9897480010986328,1.4339280128479004,-1.6546502113342285,1.7138992547988892,0.3377751410007477,-0.15765446424484253,0.6980801820755005,-0.2279551774263382,-1.5771551132202148,-1.275567650794983,-0.75797438621521,0.30448150634765625,-0.15516772866249084,-1.0762073993682861,-0.39754825830459595,1.9684327840805054,0.7226299047470093,-1.1921008825302124,0.26469406485557556,-0.1232651025056839,0.29231104254722595,0.19406545162200928,0.23720848560333252,-0.5766717195510864,-1.5145713090896606,-0.3390820026397705,-0.7406847476959229,0.1988374888896942,1.075109839439392,0.6772894263267517,2.025902032852173,0.5072788000106812,1.0341664552688599,-1.7207475900650024,-2.1902987957000732,-0.6840159893035889,-0.16580387949943542,-0.17298680543899536,0.5935850143432617,0.8424454927444458,1.1503812074661255,0.44400346279144287,-0.3101363480091095,-1.8437458276748657,-1.0008172988891602,1.484918475151062,0.7773517966270447,-1.1933928728103638,-1.0636208057403564,0.3556962311267853,0.1998298019170761,-1.64028799533844,1.1708859205245972,-0.6085943579673767,-0.44179418683052063,-1.9119722843170166,0.004476114641875029,-0.9176702499389648,-0.8791049122810364,-0.9846470355987549,-1.7063376903533936,-0.691203236579895,1.4471964836120605,-0.35309791564941406,-0.23200362920761108,-0.2863768935203552,-1.311673641204834,0.5511047840118408,0.0047775874845683575,-0.11749833822250366,1.6100460290908813,0.6059777736663818,-0.15296447277069092,-0.9826657772064209,0.9404445290565491,0.1880800724029541,0.12594640254974365,1.2273216247558594,0.008163084276020527,-0.6898193359375,1.309458613395691,0.6716150641441345,1.1706525087356567,0.3637854754924774,-2.0026869773864746,-2.3213703632354736,-0.3775161802768707,-1.0129915475845337,-0.9912671446800232,0.24613341689109802,-1.0608885288238525,0.6286242008209229,1.9623658657073975,1.5944699048995972,2.323107957839966,1.0708893537521362,-0.561496913433075,-0.9305880069732666,0.7148028612136841,-0.5725530982017517,3.069861650466919,0.7406794428825378,0.6844990253448486,0.0811273604631424,-0.3952670693397522
1.1917990446090698,1.5436975955963135,1.5686116218566895,-0.7086381316184998,-1.8539124727249146,0.02856895700097084,-0.7687816023826599,-0.4674225449562073,0.23138831555843353,0.49583491683006287,-1.7240164279937744,1.8524222373962402,-1.1209349632263184,-0.04718070477247238,0.5166887640953064,0.010299825109541416,-0.002137021627277136,-0.33424535393714905,-1.0380486249923706,2.211033344268799,1.7493013143539429,-1.6888586282730103,-0.6075770854949951,-0.8786339163780212,-0.09736354649066925,0.004545111209154129,0.3288024365901947,0.21496425569057465,-0.3779691755771637,-0.46049365401268005,-1.7976561784744263,0.24783137440681458,-0.5499716997146606,-1.2157343626022339,-0.7020099759101868,-0.5207625031471252,-0.26078012585639954,1.606999397277832,1.383372187614441,-0.7855912446975708,-0.5236718654632568,0.3465549051761627,-0.44133272767066956,0.16419614851474762,0.42276349663734436,-0.08121728152036667,0.4207102954387665,-0.6400927901268005,1.0907838344573975,-0.6244198679924011,-0.47279348969459534,2.3730309009552,-0.6494544744491577,1.0938785076141357,0.13666480779647827,0.17993782460689545,0.7760673761367798,-1.7207204103469849,-0.3762384057044983,0.26218876242637634,-0.6385369896888733,-0.11598754674196243,0.32882237434387207,0.14847859740257263,2.1375768184661865,0.3513680100440979,0.607001006603241,1.4835577011108398,-0.1669856607913971,-1.4336440563201904,0.17724178731441498,-1.1812889575958252,0.3154321014881134,0.2800731062889099,-0.9856583476066589,-0.008027922362089157,-1.7426949739456177,-0.5811303853988647,-1.1444423198699951,-1.1461241245269775,-2.3064663410186768,1.401982307434082,1.3277772665023804,0.9141532182693481,-0.550616443157196,0.17057611048221588,1.8919761180877686,-0.45641258358955383,0.23888255655765533,-0.6271854043006897,0.4368290901184082,-0.24588927626609802,-0.4900531768798828,0.4024364948272705,-0.28160616755485535,0.5654579997062683,-0.11892538517713547,-1.2884019613265991,-0.8597836494445801,-0.24022208154201508,-0.6865460276603699,-1.0273696184158325,1.2443538904190063,3.29868221282959,0.6757262349128723,1.1987918615341187,2.7429258823394775,-0.04476359486579895,-1.5989322662353516,-1.54209566116333,0.5835627913475037,-1.528478741645813,-0.4710565209388733,-1.3850712776184082,1.66509211063385,0.160931795835495,-1.0165671110153198,0.20507226884365082,0.6612740755081177,0.42573803663253784,0.8247320055961609,0.18190130591392517,1.617281198501587,-0.3743606209754944,-0.9590069055557251,-0.4998687505722046,1.5876749753952026,0.11683480441570282
-0.8055567145347595,-0.07065068930387497,-0.6832457184791565,-0.9812753200531006,-0.9531370401382446,0.80430668592453,0.0669076144695282,0.778506338596344,-0.7004233598709106,-1.2561601400375366,-0.04716529697179794,1.1366989612579346,-0.6826581954956055,-0.1794496327638626,1.9229284524917603,0.047304172068834305,-0.218246191740036,1.3493475914001465,-1.3710228204727173,-0.3964692950248718,0.4440591633319855,0.20661254227161407,-1.119903326034546,0.03842798247933388,-0.28981339931488037,0.5682474374771118,0.15260514616966248,-1.3881502151489258,-1.2098835706710815,1.840965747833252,-0.1107974499464035,0.09485535323619843,-0.5586577653884888,0.08669652789831161,-0.6693429350852966,-2.080232620239258,0.5897139310836792,-0.11423354595899582,-0.14700718224048615,-0.16120435297489166,0.16426832973957062,-0.4663504660129547,-0.5177962779998779,-0.7585636973381042,0.48058080673217773,-0.3331569731235504,-1.811881184577942,1.4422357082366943,-1.6398242712020874,-0.49130943417549133,2.6073734760284424,0.40482690930366516,0.9831329584121704,0.8238391280174255,-0.30186259746551514,3.0051307678222656,0.863836407661438,0.38029712438583374,-1.1618150472640991,1.0607120990753174,-0.1925315409898758,0.7100703120231628,-1.325820803642273,0.41053229570388794,0.4087417423725128,-0.08038493245840073,-0.16299764811992645,1.2351888418197632,1.938020944595337,1.134826898574829,-2.064892292022705,-0.7426971793174744,-0.5589188933372498,1.0507581233978271,-0.0693463608622551,1.2006903886795044,0.7009791731834412,-1.3128772974014282,-0.1961115598678589,-1.123111367225647,-1.4556961059570312,-1.22702157497406,-0.8723470568656921,-0.2761608958244324,0.22918516397476196,0.03347649797797203,0.9874441027641296,-0.6986368298530579,1.2843867540359497,-0.3129516839981079,1.4856617450714111,1.1621593236923218,0.3717881143093109,0.3893163502216339,-0.56475430727005,2.074223279953003,-0.7917675375938416,-0.47924357652664185,0.9468109607696533,-1.5219260454177856,-0.0679704025387764,-1.2836055755615234,1.3105663061141968,-0.03474528342485428,2.3053808212280273,2.310805559158325,1.961479663848877,-1.5239144563674927,-1.2093110084533691,-0.5454641580581665,0.6821121573448181,-0.8439962863922119,-0.41751211881637573,0.21206313371658325,1.4789079427719116,0.46348440647125244,-1.231263279914856,1.6651734113693237,-0.5930374264717102,-0.2102993130683899,0.01909743994474411,0.07540760934352875,0.179496631026268,1.8282785415649414,0.23722799122333527,1.4990339279174805,1.5582555532455444,1.8872543573379517
0.3341044485569,-0.490650475025177,1.9879186153411865,-0.013358531519770622,-0.772149920463562,-0.9866203665733337,-0.2250504493713379,0.9946209192276001,0.48711997270584106,-0.2653856873512268,-0.6683318614959717,-0.9716835021972656,0.1872265785932541,1.1184453964233398,0.8868867754936218,-0.3808797299861908,0.13689517974853516,0.256289541721344,0.2923022210597992,-1.414812445640564,0.9778386950492859,0.46486231684684753,0.09765676409006119,0.6446122527122498,-0.5959652662277222,-0.23582834005355835,1.4140809774398804,-0.7500464916229248,-1.3633499145507812,-0.3672366440296173,-0.3263179361820221,-0.8669987320899963,-0.7168648838996887,-0.23848384618759155,0.09060797840356827,0.12166806310415268,-0.5162781476974487,1.8829230070114136,1.940118432044983,-1.1020463705062866,-0.992202639579773,0.519743025302887,-0.7517914175987244,-0.5931356549263,2.8214547634124756,1.3936614990234375,0.07804617285728455,1.088348627090454,0.03070192039012909,-0.8148388266563416,2.272493839263916,1.0839042663574219,-1.1885268688201904,0.3406020402908325,1.3104203939437866,0.777157723903656,0.9408401250839233,-0.7824974060058594,0.9329785108566284,0.3623709976673126,-0.03609435632824898,1.4852325916290283,0.720100462436676,0.891753077507019,-1.1351314783096313,2.1229488849639893,-0.20634277164936066,0.006726446095854044,0.12202440947294235,1.1448447704315186,-1.4015004634857178,-1.5584497451782227,0.8315778970718384,0.38255971670150757,-1.0136806964874268,-0.27342402935028076,-0.8545217514038086,0.5178622603416443,-1.5973550081253052,-1.1035794019699097,-0.8791324496269226,-0.6483988165855408,-1.6888288259506226,-0.2806163430213928,-1.174113154411316,1.6386747360229492,0.5228556990623474,-2.693390130996704,-1.9247342348098755,-0.5815881490707397,-0.7315160036087036,0.6818397045135498,1.376038908958435,1.615693211555481,-0.8580650091171265,1.7154513597488403,-0.7413334250450134,0.962505042552948,-0.821478545665741,0.6472607851028442,-0.12834061682224274,-1.2139899730682373,1.6176915168762207,1.8645609617233276,2.0821006298065186,1.4525971412658691,0.6612598896026611,-1.2293819189071655,-0.16155371069908142,-1.287480354309082,-0.8056025505065918,-0.122234046459198,-1.1628283262252808,0.029336748644709587,1.1869701147079468,1.2074261903762817,-0.1834563910961151,0.35040780901908875,0.07963274419307709,-0.6824539303779602,0.40790796279907227,0.7773134112358093,1.381101369857788,0.33026230335235596,-0.45562076568603516,1.146230936050415,-0.7543478608131409,1.2163249254226685
1.8659943342208862,1.8488141298294067,-0.15681523084640503,-1.7537645101547241,-1.2809808254241943,-0.14470188319683075,-0.09240949153900146,0.6599871516227722,-1.717659592628479,-0.4218413233757019,0.2424858957529068,1.047062635421753,-1.2226697206497192,-0.058056946843862534,1.0192546844482422,1.76787269115448,-0.36574986577033997,0.7986209988594055,-0.7430175542831421,1.9494304656982422,-0.24477803707122803,0.4690227210521698,1.3060444593429565,-0.5098282098770142,-0.8870598673820496,-0.8365929126739502,0.027920637279748917,-1.3797038793563843,-0.07240472733974457,-0.481701523065567,-1.625119686126709,-1.638296365737915,-0.5065067410469055,0.0003109022800344974,-0.8321765065193176,-1.2726582288742065,-0.4709804952144623,-0.5600185394287109,2.0829172134399414,-0.42894062399864197,-0.5329694747924805,1.302753210067749,-0.7628979682922363,0.37341925501823425,1.2506479024887085,1.7958837747573853,-1.6996021270751953,-0.6328768730163574,-1.2733579874038696,-1.0073649883270264,0.1425747126340866,1.7554099559783936,0.5383284687995911,0.13665863871574402,2.057621717453003,2.1608426570892334,0.1661219745874405,-2.575488805770874,-0.468217670917511,0.7577682733535767,-0.15283982455730438,-0.07465480268001556,0.3236123323440552,-0.6734350919723511,2.551027297973633,0.26801207661628723,-0.7550244927406311,0.375034898519516,1.8315871953964233,0.05122857540845871,-1.6974513530731201,-0.06721913069486618,0.2777426242828369,0.382426917552948,0.12714964151382446,0.5093957781791687,0.05855543538928032,-0.4469643235206604,-0.5456174612045288,1.040745496749878,0.0977628231048584,-0.30956047773361206,0.6069442629814148,0.8842107057571411,-0.7486217021942139,1.5246355533599854,-0.63576340675354,0.09689018130302429,1.079038381576538,0.6181630492210388,0.5700658559799194,-0.8561331629753113,-1.1154799461364746,0.7018058896064758,-0.05128750577569008,-0.3018488585948944,0.33744391798973083,-0.6984929442405701,0.19977587461471558,-0.07240256667137146,-0.5139159560203552,0.8385606408119202,0.0006776355439797044,0.5489611625671387,1.0063525438308716,1.3913100957870483,0.9460962414741516,-0.5522983074188232,-1.3282980918884277,1.0103532075881958,-1.1868239641189575,-0.22093598544597626,0.12188923358917236,-0.5706918239593506,-0.46570324897766113,-0.7344748973846436,1.020936369895935,1.3265407085418701,0.23551344871520996,-1.239837646484375,-0.13277094066143036,0.6728290319442749,-0.5922561287879944,0.71402907371521,-1.2301348447799683,1.2905398607254028,-0.12113577127456665,-0.3453497588634491
1.4951156377792358,1.1056793928146362,-0.1714775413274765,-0.420503705739975,1.2210347652435303,-0.5166059136390686,0.009087336249649525,-0.5383810997009277,-0.13605794310569763,-0.8122406601905823,-0.16037170588970184,-0.25638994574546814,0.17769668996334076,0.11382707953453064,-0.3969997763633728,-0.0033074053935706615,-0.4711318910121918,0.08453777432441711,0.6766932606697083,0.6387836337089539,-1.3179093599319458,-1.4309109449386597,-0.19717147946357727,-0.9440268874168396,0.030986135825514793,0.4633036255836487,0.3208419382572174,0.22608323395252228,-0.19730348885059357,-0.0734604001045227,-0.28483471274375916,-1.2767601013183594,-0.8853974342346191,-1.724423885345459,-1.2229328155517578,-0.24903632700443268,-0.5069414973258972,1.2111310958862305,0.642547070980072,-0.44862034916877747,-0.744871973991394,-0.19086217880249023,1.0750732421875,-0.6236622929573059,1.3638958930969238,-0.6034076809883118,-0.07258567959070206,0.5325697064399719,-0.3050563633441925,-1.1842294931411743,1.3124178647994995,0.31936320662498474,0.17082731425762177,-0.020499305799603462,0.7917523384094238,0.7442106008529663,0.41512855887413025,-1.5792031288146973,-0.5114225745201111,1.5703977346420288,-1.0056551694869995,1.7644065618515015,0.9275431632995605,1.2111352682113647,0.4377869665622711,0.9423751831054688,-0.7381719946861267,0.5814893841743469,1.2533817291259766,-1.0500322580337524,0.08391056954860687,-0.9346916079521179,1.4157776832580566,1.0977482795715332,-2.2067818641662598,-1.9703923463821411,-0.8533353209495544,-0.4124433994293213,-0.9823319315910339,0.7512465119361877,-1.2428375482559204,-1.1593421697616577,0.41107964515686035,-1.1347463130950928,-1.193702220916748,0.9417953491210938,1.2140766382217407,-0.8343754410743713,0.7916169166564941,-1.129658579826355,-0.298908531665802,0.2236124575138092,1.121311068534851,1.1325469017028809,0.49561211466789246,2.3569493293762207,0.6541813611984253,1.0725945234298706,-0.1901768147945404,-1.8702983856201172,0.28498244285583496,-1.2435108423233032,0.4467523396015167,0.6244856715202332,1.7939682006835938,-0.050799399614334106,1.519474983215332,-0.2586754858493805,0.8554508090019226,-1.6607987880706787,-0.9447981119155884,-1.4918830394744873,0.5188391804695129,0.051564205437898636,-0.1365901678800583,-0.2683399021625519,-0.36409085988998413,0.9930267333984375,1.5441631078720093,-0.803956151008606,1.318076729774475,1.070768117904663,-0.5837389826774597,0.7294600009918213,-1.4432369470596313,-0.8713665008544922,1.462847113609314,1.1589176654815674
0.4280882477760315,0.95503830909729,0.5632456541061401,0.39582404494285583,-1.4683008193969727,-1.0945583581924438,-1.6216907501220703,0.7789979577064514,-1.7585006952285767,-1.2783613204956055,-1.3007341623306274,0.7801833748817444,-0.3520623445510864,0.8849056363105774,1.2348185777664185,0.7097642421722412,-0.3476872444152832,2.3319356441497803,-1.210294246673584,0.2984221279621124,0.09124833345413208,-1.0839139223098755,-0.34949520230293274,-1.146425724029541,1.2839620113372803,0.1489831656217575,1.4774798154830933,-1.1752393245697021,-1.2179298400878906,0.37631604075431824,-1.7072522640228271,-1.528393268585205,-0.1556546539068222,-0.716507613658905,0.024393798783421516,-0.7520779967308044,-1.3911792039871216,-0.1047825738787651,-0.19988904893398285,0.5434089303016663,0.07558665424585342,-0.5583294630050659,-1.0974125862121582,0.874916136264801,0.13837333023548126,0.959247887134552,-0.6506642699241638,-0.44292086362838745,0.6747162938117981,-0.8090181350708008,0.474372535943985,-0.16869062185287476,-0.10257226973772049,-0.0060598114505410194,0.6984702944755554,0.7702707052230835,0.3145231008529663,0.27909472584724426,0.048893921077251434,-1.1328036785125732,0.9722177982330322,0.24580326676368713,1.0891844034194946,1.376112699508667,0.3722451329231262,-0.47533249855041504,-0.7319222688674927,0.03761358559131622,1.8100286722183228,1.9531055688858032,-0.3828664720058441,-1.8358814716339111,-0.7321491837501526,1.2132784128189087,-1.6587284803390503,1.197270154953003,-1.393455147743225,-1.4421530961990356,-0.6736476421356201,-0.18024754524230957,-1.426898717880249,-0.8053408265113831,-0.0491650328040123,-0.8533285856246948,-0.5511299967765808,-0.7813066840171814,0.154999777674675,-0.09769957512617111,1.4070247411727905,0.8357349634170532,1.3338062763214111,-0.8508618474006653,-1.7890487909317017,1.387999415397644,0.4325392246246338,1.5988889932632446,-0.41204917430877686,0.6066636443138123,-1.380433201789856,0.5448033213615417,-1.2534887790679932,-1.235244870185852,0.5348284244537354,1.289671778678894,-0.04746151342988014,-0.4283428490161896,1.0205243825912476,0.2433454394340515,0.178407683968544,0.3911132514476776,0.12828978896141052,-0.4988149404525757,-1.2035568952560425,-1.6029754877090454,1.2163703441619873,1.6958982944488525,-0.8868114948272705,1.779062271118164,0.8237087726593018,-0.06026753410696983,1.4277507066726685,-0.43860164284706116,-1.3659491539001465,1.6556308269500732,1.9418953657150269,-0.729875385761261,1.2746753692626953,0.9387415647506714
1.243275761604309,2.033158540725708,2.5386147499084473,-1.4784120321273804,-1.6866799592971802,-1.3988838195800781,-1.2738584280014038,1.1548640727996826,0.03233882784843445,-0.6354399919509888,-0.3829926550388336,2.3845245838165283,-0.6281012296676636,-1.7568387985229492,2.4224295616149902,-0.612354040145874,0.3315998613834381,1.1582911014556885,-1.6339737176895142,0.23517152667045593,0.8171289563179016,-0.5984649062156677,0.05312555655837059,-0.945991575717926,-0.5795159339904785,-0.42073342204093933,2.0573031902313232,-1.2435399293899536,0.06464559584856033,0.09229665249586105,0.9751473069190979,-0.48189082741737366,-0.9717365503311157,0.6805840730667114,-0.13320165872573853,-0.1997581571340561,0.46314647793769836,1.3879023790359497,0.8922151327133179,-0.9976672530174255,-0.5876662731170654,-0.29942888021469116,0.0060861860401928425,-0.04687068983912468,-0.8015608191490173,0.37530460953712463,-0.12505096197128296,-0.0911015048623085,1.0645196437835693,-0.27267971634864807,1.1445369720458984,-0.1452895700931549,0.8034437298774719,1.0809295177459717,-0.4072139859199524,0.22642211616039276,-0.24885475635528564,-0.22162877023220062,-0.6703649759292603,0.6606220006942749,-0.4416086673736572,1.050161361694336,-0.11992961913347244,0.9136108160018921,2.0335214138031006,0.09506875276565552,-1.3986393213272095,0.8992411494255066,0.7420747876167297,-1.1726309061050415,-0.7064206600189209,-0.4465859830379486,1.730239748954773,-0.8311553597450256,0.25117194652557373,-0.19930674135684967,-0.6542381644248962,-1.7614763975143433,0.1326560080051422,-0.5830174088478088,-0.03614800423383713,-0.7994567155838013,0.942975640296936,-0.21193760633468628,1.2811580896377563,1.7858375310897827,0.533267617225647,-0.9976339936256409,-0.8554635047912598,-0.22975113987922668,1.2550837993621826,-0.5328560471534729,-0.3531891107559204,0.7851693630218506,-1.2218810319900513,-0.7895954847335815,-0.27288609743118286,0.24571765959262848,0.4394131004810333,-0.6647738218307495,1.2679080963134766,-1.073540449142456,1.0187362432479858,0.39640840888023376,1.331033706665039,2.723459005355835,0.09344945102930069,0.23979154229164124,-0.7348587512969971,-1.0759718418121338,-1.111057162284851,-0.4362806975841522,-0.6315041780471802,0.15383441746234894,0.2073621302843094,-0.039360858500003815,0.9821216464042664,0.351693332195282,0.08342741429805756,-1.2150436639785767,-1.0917741060256958,1.1565755605697632,-0.7703537940979004,1.442270040512085,-0.8974118828773499,2.009291172027588,-0.4487294554710388,1.6467870473861694
0.7942952513694763,0.2723270058631897,0.05099892243742943,-0.21390289068222046,-0.6363517642021179,-0.11862845718860626,0.5758967399597168,0.7895019054412842,-1.1515661478042603,-0.7621995210647583,0.12681430578231812,0.8803271055221558,-0.5576702356338501,-1.1250606775283813,1.2288856506347656,0.8173745274543762,-2.1260132789611816,0.7517021298408508,0.8259120583534241,-0.12386813759803772,1.6007698774337769,0.9879559278488159,1.0943858623504639,-1.6253823041915894,-0.6166183352470398,-0.9794139862060547,1.0514421463012695,-0.4440661072731018,0.34442606568336487,-0.24319975078105927,-2.0903751850128174,-1.4517061710357666,-1.4207594394683838,-1.6253515481948853,-0.32006579637527466,0.8797820806503296,-0.43427351117134094,1.7513545751571655,-0.12183555215597153,-0.3588061034679413,-0.7982257604598999,1.5962421894073486,-0.04891049489378929,1.3113689422607422,0.12113731354475021,1.1168880462646484,-1.685736894607544,-1.2113959789276123,-0.7261141538619995,-0.739677369594574,1.9634500741958618,1.9200845956802368,-0.6341105103492737,0.4443460702896118,0.9392865300178528,-0.1775554120540619,0.470716655254364,-2.008913278579712,-1.2586201429367065,-0.6418246030807495,0.026286914944648743,-0.0038640000857412815,0.950620174407959,-0.48460230231285095,-0.9395038485527039,0.9091641306877136,-0.14245149493217468,1.0810236930847168,1.097060203552246,-0.7169774174690247,-0.5895946621894836,0.5001362562179565,-0.3454592823982239,0.43171972036361694,-0.37869924306869507,-0.8859589099884033,0.5577335953712463,0.34780141711235046,-0.4001792073249817,-1.2314742803573608,-0.6138120293617249,0.798492431640625,-0.6698107719421387,-0.5521958470344543,-0.12046798318624496,0.07399671524763107,0.4026680588722229,-0.38266313076019287,-0.08833955228328705,0.6872850656509399,0.8863042593002319,0.7686938643455505,1.7098865509033203,1.0507326126098633,1.420875906944275,2.0786564350128174,-1.5810490846633911,-0.829768717288971,1.3465361595153809,-1.4925047159194946,-0.49321964383125305,-2.1238763332366943,-0.4618270695209503,0.35708197951316833,0.15982741117477417,0.7440494298934937,1.5328282117843628,-1.747472882270813,0.2678881883621216,-2.179967164993286,0.20946122705936432,-1.0834181308746338,0.667908787727356,0.8882226943969727,1.1691182851791382,1.478119969367981,-1.0570145845413208,0.7508531808853149,0.5217859148979187,-1.0777153968811035,1.628758430480957,0.9298394918441772,0.8030151128768921,2.178504228591919,-0.21986250579357147,0.5564149022102356,-0.4945150315761566,-0.24597324430942535
0.975933313369751,2.027214527130127,1.132798671722412,0.19775326550006866,-0.40530264377593994,-0.9895015954971313,-0.529608428478241,-1.0474441051483154,-1.1642407178878784,-1.4882320165634155,0.2630358636379242,-0.3164602816104889,-0.43037301301956177,0.8506557941436768,1.1337590217590332,0.5229498744010925,-0.14388419687747955,2.16536808013916,-0.1950984001159668,1.5872464179992676,-0.9233385324478149,-2.179534435272217,-0.20101074874401093,-1.3106677532196045,0.30727702379226685,-0.05685997009277344,1.246477723121643,-1.8467680215835571,-1.8260475397109985,1.995963454246521,-0.8145815134048462,-0.05321803689002991,-0.20483340322971344,-0.055160507559776306,-0.8585346341133118,-0.028907502070069313,0.27312058210372925,-0.1032698005437851,1.499053955078125,-1.423627495765686,0.052423473447561264,0.10617447644472122,0.0130939781665802,-0.02214917540550232,3.3299336433410645,0.7562559843063354,0.2392735630273819,-0.39832863211631775,-0.2534635365009308,-2.04292368888855,-0.07966914772987366,0.6226048469543457,0.2044757753610611,-0.716640055179596,-0.07281995564699173,1.5383131504058838,-1.4414782524108887,-1.0765023231506348,0.7483558058738708,1.1961755752563477,-0.33439359068870544,-0.5888763070106506,-0.5159517526626587,0.7600333094596863,1.0514146089553833,1.917016625404358,0.03505091369152069,-0.217017263174057,1.5563768148422241,-1.2591005563735962,-0.016765877604484558,0.007288333959877491,-0.28397998213768005,0.9400696158409119,-0.9207775592803955,-0.04530085250735283,-0.7061571478843689,-1.4019949436187744,-0.4394688010215759,-0.51300448179245,-1.6320115327835083,-0.3700076937675476,0.19146642088890076,-0.18558216094970703,-0.6331605315208435,2.0357606410980225,0.062188539654016495,-2.0891449451446533,0.3821561634540558,-0.3923761248588562,0.21984334290027618,0.44903576374053955,0.7752439975738525,0.8074800372123718,-0.1169705018401146,0.7794572710990906,-0.8108747601509094,0.7734003663063049,-0.8686347603797913,-0.07944381237030029,0.5693677067756653,-0.5133475661277771,1.7199549674987793,-0.4848043620586395,0.6737228035926819,-0.22779512405395508,1.7685866355895996,-1.1705780029296875,-1.1473362445831299,-0.004713244736194611,-1.8091731071472168,-0.6362200379371643,-0.92813640832901,-1.6814292669296265,0.11521460860967636,0.6172732710838318,-0.33437561988830566,0.3898575007915497,0.31040894985198975,0.9391649961471558,-0.03238410875201225,0.11087987571954727,0.2781759798526764,0.5881821513175964,0.367256760597229,0.6774037480354309,0.29577261209487915,2.371309280395508
0.519647479057312,0.8092276453971863,1.561407446861267,-1.7080835103988647,-0.9508249759674072,-0.780483067035675,-1.1737231016159058,0.5728916525840759,-1.0322855710983276,-1.4174277782440186,-1.5194920301437378,2.4526357650756836,0.09018009155988693,1.405898094177246,-0.2836781442165375,0.9125146269798279,1.008063793182373,0.13399513065814972,-0.6795482039451599,1.1342356204986572,0.22630874812602997,0.45553603768348694,-0.33480197191238403,-1.8555179834365845,0.602339506149292,-0.6909639239311218,0.13053765892982483,0.9898220896720886,0.6633227467536926,-0.6860095262527466,-0.7140436172485352,-0.27758389711380005,-1.2903203964233398,-0.4895893335342407,-0.9819281101226807,0.09566918015480042,0.7376212477684021,0.10559162497520447,0.33758461475372314,-0.8220304846763611,-1.1987156867980957,-0.27881360054016113,-1.4689522981643677,-0.7918055653572083,-1.1084697246551514,-0.34387925267219543,-0.17467278242111206,0.059137746691703796,0.20477020740509033,-0.6918416023254395,0.9698854088783264,1.3090720176696777,-0.1152729019522667,1.2681245803833008,2.225867509841919,0.15445484220981598,1.9211349487304688,-1.5127837657928467,0.3167535662651062,0.1474306732416153,-0.07909184694290161,0.7670593857765198,-0.1244978979229927,-0.8004035353660583,0.7237981557846069,0.06665430963039398,0.13804519176483154,0.4009203612804413,0.4761997163295746,1.431079387664795,0.22943954169750214,-1.8697292804718018,1.0036616325378418,-0.9164299368858337,-0.8303133249282837,0.5805530548095703,-0.4071909785270691,0.2622126042842865,0.022214600816369057,0.4100617468357086,-1.6075226068496704,-0.8272724747657776,-1.4812195301055908,-0.9964588284492493,-1.794069766998291,0.8139116168022156,1.1183611154556274,0.3722328841686249,-0.21468110382556915,-0.5511221289634705,0.2197747379541397,-1.3112348318099976,-1.4482024908065796,1.7206382751464844,0.05184867978096008,-0.036338772624731064,-0.12150338292121887,0.2458091676235199,-0.09243028610944748,-1.2404240369796753,-1.0298433303833008,-0.4226442873477936,-0.5366235375404358,1.1618988513946533,1.9263421297073364,1.5146188735961914,0.14365799725055695,-1.576593041419983,-1.5189356803894043,-1.0221017599105835,0.9325156211853027,-0.16259931027889252,0.8881452679634094,-0.8071980476379395,-0.2952403426170349,1.467948079109192,0.29638558626174927,1.4245692491531372,0.43384498357772827,-3.0347745418548584,0.30968064069747925,-0.07646017521619797,0.7650034427642822,1.8826550245285034,-0.21174360811710358,1.8855055570602417,1.816926121711731,-0.5619800090789795
-0.34042200446128845,1.411105751991272,0.4089074730873108,-1.4335026741027832,0.12178853899240494,-0.5494053959846497,-0.037737734615802765,0.7223851680755615,-0.7492379546165466,0.113828644156456,-0.7224788069725037,0.7724538445472717,-0.5487093329429626,-1.3756695985794067,0.9006443023681641,-1.1859451532363892,-0.07351728528738022,0.21940553188323975,-1.2522588968276978,1.383767008781433,2.3173680305480957,0.563723087310791,-0.4998791217803955,-0.4542745053768158,0.06253038346767426,0.08660894632339478,0.5837199687957764,0.04198089614510536,-1.1332608461380005,1.005114197731018,-1.634387493133545,-1.6855374574661255,-1.089598298072815,-1.0887197256088257,-0.15665477514266968,0.020454932004213333,-1.933715581893921,2.0043673515319824,1.2606030702590942,0.9824204444885254,-1.8465007543563843,0.7187837362289429,0.55257248878479,-0.9060770869255066,0.7758659720420837,-0.042139943689107895,-1.9631669521331787,0.5592087507247925,-0.022450247779488564,-0.6333394646644592,1.9089860916137695,-0.38776108622550964,0.6580203175544739,1.5116963386535645,-0.6703760623931885,0.06478629261255264,0.8165374994277954,-0.2728641927242279,-1.0795155763626099,0.9248949885368347,0.9237876534461975,0.5736201405525208,1.5243902206420898,1.2948598861694336,-0.13831773400306702,-0.17001086473464966,-1.48707115650177,-0.42833250761032104,1.6342757940292358,-0.7177575826644897,-2.3135673999786377,-0.6330186128616333,0.6267561316490173,0.3028954863548279,-0.8521312475204468,-0.36987289786338806,1.0225684642791748,-0.9388608336448669,-1.075928807258606,-0.21871814131736755,-1.1802170276641846,0.5697868466377258,-0.7146028876304626,-0.7958645820617676,-0.7416852116584778,-0.2730445861816406,-0.37786418199539185,-0.755702018737793,-0.2531202435493469,-0.12871257960796356,-0.1656985878944397,-0.17969903349876404,-0.6159738302230835,0.005885128863155842,0.9737016558647156,0.4893425703048706,0.6319570541381836,-0.07915423810482025,0.4231235384941101,-0.49703317880630493,-0.4401260018348694,0.10247695446014404,-0.04167255386710167,1.5574170351028442,1.01320219039917,1.8926639556884766,1.810528039932251,-0.11385414004325867,0.43755242228507996,-0.053554434329271317,-1.4033100605010986,-1.367220163345337,-1.1567435264587402,0.04865894839167595,1.8746299743652344,-0.17071020603179932,0.9620980620384216,0.2800997793674469,1.0329619646072388,0.2046358585357666,-0.2059808373451233,2.166276693344116,0.6174533367156982,0.07718116790056229,0.2710493803024292,0.5810299515724182,1.1752901077270508,1.0124738216400146
0.4388684928417206,-0.0848577469587326,0.9240866303443909,-1.427149772644043,-1.2940047979354858,-1.0170766115188599,-1.3405178785324097,0.19820721447467804,-0.6474904417991638,-0.6972990036010742,-1.2467259168624878,0.7523500919342041,-0.36708757281303406,-1.7967710494995117,1.4924145936965942,1.3789855241775513,0.06383045017719269,1.0689030885696411,-1.2280843257904053,-1.086256742477417,-0.9658074975013733,0.03457684814929962,-0.47596028447151184,-1.1176800727844238,0.1766526997089386,-0.23970724642276764,-0.27183887362480164,0.009255627170205116,-0.04395320639014244,-1.676490306854248,-0.6644921898841858,-0.775017499923706,-0.4981078505516052,0.4553576707839966,-1.178715705871582,-0.6498605608940125,-0.9804519414901733,1.3630623817443848,0.21361275017261505,-0.8638928532600403,-0.6007904410362244,1.1275572776794434,-0.39555397629737854,0.23434479534626007,0.9684629440307617,0.300503134727478,1.2934238910675049,0.42288142442703247,0.005138262640684843,-1.327497124671936,0.653630793094635,2.2718260288238525,0.8273891806602478,-0.5975965261459351,0.8283981084823608,1.2434502840042114,-0.5225645899772644,-1.78228759765625,0.8669668436050415,0.4004293978214264,-0.2451697587966919,0.922714352607727,0.5740859508514404,-0.022341784089803696,0.45850175619125366,-0.03187377750873566,-1.4537475109100342,2.4156293869018555,-0.4584757089614868,0.5177568793296814,-1.2965681552886963,-0.5139381885528564,1.2053234577178955,0.7771135568618774,0.11472594738006592,0.8341853022575378,-1.3085217475891113,-0.9064305424690247,-1.630282998085022,-1.1740351915359497,0.6978644132614136,0.5517101883888245,0.19958443939685822,-1.5195896625518799,-0.9420038461685181,0.19356144964694977,1.2809194326400757,-0.4375816285610199,0.39022865891456604,-0.6513815522193909,1.23954176902771,0.6411875486373901,-0.1547025442123413,-0.6108875870704651,-1.2596811056137085,1.787206768989563,0.4775858223438263,0.06654267758131027,0.8253280520439148,-0.19998861849308014,-0.14339998364448547,-0.539688766002655,1.711530327796936,0.9919743537902832,1.5125309228897095,0.22953611612319946,1.069966435432434,0.4880731999874115,-0.9216659069061279,-0.32932236790657043,-0.4899127781391144,-0.7804595828056335,0.9249572157859802,-0.6336950659751892,-0.051804784685373306,0.3537805676460266,0.2733796536922455,2.2288527488708496,0.34640228748321533,-1.104219913482666,0.1716393530368805,0.008776577189564705,-1.3345545530319214,1.843229055404663,-0.7285642027854919,0.4880779981613159,-0.42831361293792725,0.29382607340812683
1.8673996925354004,0.3764451742172241,-0.42316296696662903,-1.6470677852630615,-0.5434688329696655,-0.47671347856521606,0.31665605306625366,-0.4224392771720886,-0.4373586177825928,0.07813385874032974,-1.4537403583526611,1.4444307088851929,-0.6956706643104553,2.0797014236450195,-0.12806986272335052,0.7374985218048096,-0.49077174067497253,1.8966667652130127,-0.30856800079345703,0.015737177804112434,0.43521276116371155,-0.5402108430862427,-0.9293429255485535,-0.7443731427192688,0.20497268438339233,-1.1702641248703003,1.2254528999328613,-0.41032490134239197,-0.30644169449806213,0.11922130733728409,0.008017700165510178,-2.026301622390747,0.31108057498931885,-1.765066385269165,-0.05804494395852089,0.14097177982330322,-0.3872984051704407,-0.0286395400762558,-0.588750422000885,-1.1573742628097534,0.8110082149505615,-1.1709562540054321,-1.1101489067077637,-0.5977240204811096,1.4336520433425903,1.9712902307510376,-1.2148842811584473,0.600998044013977,0.7347972989082336,-0.2893133759498596,0.7362622022628784,0.27719229459762573,-0.23670433461666107,1.2395356893539429,-0.39958205819129944,1.36407470703125,0.06169528141617775,0.2673403322696686,-2.1476848125457764,-0.3679170608520508,-0.08704107999801636,0.849859893321991,-0.8287369608879089,0.708085834980011,1.4547785520553589,-0.5459040403366089,-1.504770040512085,-0.31317034363746643,2.3591620922088623,-0.07333187758922577,-0.8331476449966431,-1.3962626457214355,-0.17329123616218567,0.8100532293319702,0.22159698605537415,0.5779393315315247,-0.2645765542984009,-0.48342961072921753,0.8321515917778015,-0.5665862560272217,-2.858203172683716,-1.9653875827789307,-0.40234798192977905,0.7447039484977722,-0.35273391008377075,1.8716155290603638,1.5588750839233398,-0.6499242186546326,-0.25690701603889465,-0.643389880657196,0.8298227787017822,0.925772488117218,0.6789596080780029,1.07249915599823,1.3917971849441528,0.004215640481561422,0.09983283281326294,-0.5044265985488892,-1.5087584257125854,-2.12591814994812,0.06396657228469849,-2.4652082920074463,0.32675379514694214,1.8650270700454712,-0.6494861245155334,0.4233059585094452,1.3538779020309448,-2.156240224838257,-0.5830260515213013,-1.6846693754196167,-0.33357471227645874,-0.8215100169181824,0.1637929379940033,-0.4562566876411438,0.9313811659812927,1.2398548126220703,-0.998569130897522,0.13572059571743011,0.04518717899918556,0.2275199145078659,0.11870820075273514,0.3756729066371918,-0.005658217705786228,0.4144780933856964,-0.7179791927337646,0.4791223406791687,-0.07773683220148087,0.16894295811653137
1.5070648193359375,0.8031397461891174,2.566770076751709,-1.5884861946105957,-2.0383379459381104,-0.09324875473976135,0.21417434513568878,1.391155481338501,1.112801194190979,-2.1773569583892822,-0.18217018246650696,0.49637681245803833,-0.38873958587646484,0.1678149402141571,0.597615122795105,-0.31046217679977417,1.368826985359192,1.3678169250488281,-0.6654492020606995,1.7804181575775146,0.39757025241851807,-0.06370087713003159,0.405028373003006,0.7353847026824951,-0.9471097588539124,1.504271388053894,1.2143466472625732,-0.5309566855430603,-1.3523281812667847,-0.40556758642196655,0.2664320170879364,0.5272518396377563,-1.4294049739837646,-0.6742998361587524,-0.04075414687395096,-1.0089976787567139,0.8879983425140381,-0.06713873893022537,0.2579438388347626,-0.13957513868808746,-2.0414180755615234,0.5110499858856201,0.05983615666627884,-0.22556912899017334,-0.07435648888349533,0.3029818832874298,-0.7356182336807251,-1.0631967782974243,1.0090434551239014,-0.6494874358177185,1.6476342678070068,0.2922700345516205,0.0059473831206560135,-0.36794647574424744,1.4718775749206543,0.9063448905944824,0.7379797101020813,-2.0703794956207275,-0.04366838186979294,-0.11215467751026154,-0.6177021861076355,-0.016887741163372993,1.8130139112472534,-0.4872548580169678,0.015769025310873985,1.3864057064056396,-0.5805037617683411,0.6654924154281616,0.39368510246276855,0.26953640580177307,-1.3156951665878296,-0.9293697476387024,-0.5563727617263794,1.5276800394058228,-2.044983386993408,-1.440801978111267,-0.5048640370368958,-1.1944538354873657,0.3501599133014679,-1.8742576837539673,-2.0060057640075684,-1.1824740171432495,-1.392262578010559,0.21244989335536957,0.16724692285060883,-0.2235916256904602,1.0713504552841187,-0.7640533447265625,1.0753566026687622,1.072391152381897,1.389777421951294,-2.020564556121826,-0.8973215222358704,2.165212869644165,-0.20149777829647064,0.725113570690155,-1.2952150106430054,-0.369541734457016,-1.6064318418502808,0.6114388108253479,-1.978071928024292,0.49870550632476807,0.5207539200782776,1.3065085411071777,1.1887749433517456,1.4818695783615112,0.49209022521972656,-0.8921544551849365,-1.0007290840148926,-0.4674524962902069,-1.5675040483474731,-0.6741632223129272,-0.6720058917999268,-0.7769375443458557,0.7224050164222717,0.40861818194389343,-1.1033157110214233,0.5068442225456238,1.2143388986587524,-1.064770221710205,1.1510804891586304,-1.0488855838775635,0.8148966431617737,1.402037501335144,0.24926839768886566,0.7812690138816833,-0.1755293905735016,1.3682984113693237
1.8858273029327393,1.05929434299469,-0.6756789684295654,0.14223484694957733,-1.683320164680481,-0.4767453074455261,-1.5093066692352295,0.9318704605102539,-2.718000650405884,-0.2205374836921692,0.22880753874778748,2.6247949600219727,-0.25444716215133667,-0.2191416472196579,2.496443033218384,0.7733641266822815,-0.3131476640701294,0.10457637906074524,-1.3333683013916016,0.05888701602816582,0.5441988706588745,-0.8844918012619019,1.1663545370101929,-0.7499125599861145,-0.08334644138813019,-2.072265625,1.390831470489502,0.13056686520576477,-0.7752246260643005,0.1518399864435196,-0.03545594960451126,-0.9451243877410889,-1.247987985610962,-0.658944308757782,0.2838399410247803,-1.2158491611480713,-0.7901133894920349,1.224400520324707,2.0125491619110107,-0.6830064058303833,0.04627392441034317,0.8584125638008118,-0.3730553984642029,1.338064193725586,1.5879933834075928,-1.0501675605773926,0.9939397573471069,0.4947226643562317,-1.1188721656799316,-0.18733589351177216,0.9937030076980591,1.3179290294647217,0.11918491870164871,0.9773446321487427,0.5521942377090454,1.8859204053878784,0.44492819905281067,1.169113278388977,0.6833906173706055,-0.8084412217140198,-0.12945520877838135,-0.7367331385612488,0.40994423627853394,2.100698709487915,1.6144320964813232,1.191965937614441,0.45221537351608276,0.11441485583782196,0.6983458995819092,-1.021070957183838,-0.4449804127216339,-2.028111696243286,0.5065834522247314,-0.9828683733940125,-2.296356439590454,-1.2434616088867188,-1.0485302209854126,-0.31152403354644775,-1.316434621810913,0.707412600517273,-1.532449722290039,0.7221431136131287,-0.9128124713897705,0.06606687605381012,0.04883013665676117,0.9952741861343384,0.0018132657278329134,0.33144015073776245,0.3542185425758362,-0.8006516695022583,0.8961410522460938,-0.8495894074440002,0.34471800923347473,1.7382006645202637,0.1300332248210907,1.3687033653259277,-0.20879344642162323,-0.6858754754066467,1.3551645278930664,0.819531261920929,0.26209816336631775,-1.110598087310791,0.8546788096427917,0.3877398371696472,0.6305748224258423,1.873921275138855,0.659248411655426,-0.759078860282898,0.4578408896923065,-1.2003939151763916,1.2685143947601318,0.26157355308532715,-0.03595826402306557,-0.8591485619544983,0.48241299390792847,0.8563310503959656,-0.7422996759414673,1.2235735654830933,0.7981852889060974,-0.9679027795791626,-0.16439272463321686,2.137561559677124,-0.5553001761436462,0.2146250307559967,-0.43405282497406006,0.9619417786598206,0.7578815221786499,1.2318100929260254
0.011853369884192944,2.1912055015563965,0.8078184127807617,0.3245050013065338,-0.9795120358467102,0.27424323558807373,0.0961218923330307,0.6535965204238892,0.4898990988731384,-1.1578773260116577,1.0007816553115845,1.0737438201904297,-1.827669382095337,1.3018118143081665,0.10026532411575317,1.34878408908844,-1.7057431936264038,0.9584477543830872,0.6770226359367371,1.7582846879959106,1.034110426902771,-0.7643623352050781,0.14986485242843628,-0.2723220884799957,0.9784695506095886,-0.6091992855072021,1.814927577972412,-1.4188114404678345,-2.115389347076416,-0.4407179057598114,-1.1832889318466187,0.38223493099212646,0.530653715133667,-0.6822230219841003,-0.5315066576004028,0.327096164226532,-0.3671353757381439,-0.18874278664588928,1.7924834489822388,0.8328899145126343,-0.770586371421814,-0.3375014364719391,-1.0965850353240967,-0.5075771808624268,-0.09301957488059998,0.21225106716156006,-1.9686170816421509,-0.823462188243866,1.1347730159759521,-1.9651708602905273,1.565826654434204,1.3227708339691162,-0.5865428447723389,1.4974725246429443,-0.9837034344673157,0.6903214454650879,-0.19673815369606018,-1.0660357475280762,0.02014966309070587,1.7693973779678345,0.5305800437927246,1.1392507553100586,1.1637485027313232,1.1301205158233643,0.42744678258895874,0.6790403127670288,-0.4714251160621643,1.5906476974487305,0.09981748461723328,0.044237151741981506,0.3962513506412506,0.5576884150505066,1.608927607536316,-1.1915897130966187,0.8442509770393372,0.8403229117393494,-0.9201241135597229,0.0781865119934082,0.4588787853717804,-0.8131005764007568,-0.6246940493583679,-0.7374351024627686,0.29709315299987793,-1.7120064496994019,-1.7737199068069458,1.3358979225158691,1.2524142265319824,-0.36944133043289185,0.25120505690574646,-0.8527089953422546,2.3167078495025635,-0.6994147300720215,-0.9547982215881348,0.5497182011604309,0.9937843084335327,1.0093140602111816,-0.9878763556480408,-0.8033356666564941,1.1810575723648071,0.2521839439868927,0.5166028738021851,-0.9574947953224182,0.09412499517202377,1.356905460357666,2.154977798461914,0.5565311312675476,1.2937599420547485,-1.1819747686386108,-2.3146321773529053,-0.10593237727880478,0.5073941946029663,-1.197326898574829,0.01548805832862854,-0.09800702333450317,0.6839413642883301,1.5929758548736572,-1.1505980491638184,2.203234910964966,-0.48609301447868347,-1.0965980291366577,-0.8263543844223022,0.7491092085838318,0.46029046177864075,0.5921654105186462,-0.6371434926986694,0.2564823627471924,-0.04204456880688667,1.6103906631469727
1.5999490022659302,-0.42813530564308167,0.5198154449462891,-0.5592796206474304,-0.7072213888168335,-1.1796149015426636,-0.18107689917087555,-0.6892010569572449,-1.3622969388961792,-1.2125011682510376,-1.1296167373657227,1.1820366382598877,-0.91130131483078,1.1966848373413086,1.0431764125823975,1.266696810722351,1.536038875579834,2.1143665313720703,-0.5955603718757629,0.34372133016586304,-0.08668714016675949,-0.8331329822540283,0.222093865275383,-2.0286643505096436,0.06469866633415222,0.4000829756259918,1.8545039892196655,-0.9061667919158936,0.1360495239496231,-0.24002137780189514,-1.5190973281860352,-1.4450033903121948,0.6502870321273804,-0.5097670555114746,-1.0404285192489624,1.0091121196746826,1.195958137512207,1.801277756690979,0.32832953333854675,-0.33072370290756226,-0.8689082264900208,-0.6197596788406372,-0.45777222514152527,0.02344641089439392,0.10530572384595871,-0.15659844875335693,0.9444329738616943,-0.7296818494796753,-0.21472230553627014,-1.066855788230896,1.0365526676177979,1.1950372457504272,-0.37478867173194885,1.638762354850769,0.358684241771698,-0.24805061519145966,0.5203297734260559,-1.8460063934326172,-1.0460864305496216,1.2586071491241455,-0.3475906550884247,1.7047712802886963,0.6099529266357422,0.20213526487350464,1.4713152647018433,0.2826688885688782,-0.9168134927749634,1.0191447734832764,2.887695074081421,0.0770791620016098,-2.7041828632354736,-1.1287587881088257,0.05808166787028313,2.738799571990967,-1.3728575706481934,-0.6263156533241272,0.21872740983963013,0.4316072463989258,0.12044817209243774,-1.1829438209533691,0.21694588661193848,-1.8753082752227783,-1.649483561515808,0.32357174158096313,0.0475333109498024,-0.11879003047943115,0.6432034969329834,-0.4872695505619049,-0.9485862255096436,-0.18153490126132965,-1.1674644947052002,-0.0813794955611229,0.20147228240966797,-0.43425452709198,-1.506097435951233,0.9062797427177429,0.716096043586731,-0.17437437176704407,-0.32469719648361206,-0.8282185196876526,-0.04665173217654228,-1.8466802835464478,-0.8265522718429565,0.04784500598907471,1.1655972003936768,0.8775733709335327,1.2744427919387817,-0.6634609699249268,0.24331584572792053,-1.151366949081421,0.10903292149305344,-0.987535834312439,-1.052945613861084,-0.3547476530075073,0.5758333206176758,-0.47356605529785156,-1.0774747133255005,0.9709330201148987,1.569413185119629,-1.490204930305481,-1.330828070640564,-1.097461462020874,-0.14717642962932587,0.640040397644043,1.6734912395477295,1.419089674949646,-0.6308128237724304,0.7644096612930298
1.8010599613189697,2.304514169692993,0.952627420425415,-0.7826901078224182,-0.4142976403236389,-0.9749491214752197,-1.101004719734192,0.07905968278646469,-0.6750336289405823,0.37596431374549866,-1.3382047414779663,0.48034799098968506,0.11572925746440887,-1.0189733505249023,1.736171841621399,0.4327901601791382,0.5839380621910095,0.2263060361146927,-1.641618013381958,0.28672879934310913,-0.7153336405754089,-1.015563726425171,0.4806600511074066,-1.376876711845398,-0.6426231861114502,-1.944564700126648,1.1102410554885864,-1.0801805257797241,-0.638526201248169,-0.8510721325874329,0.16913659870624542,-1.23416268825531,-0.17692698538303375,-0.01608850806951523,-1.5193629264831543,-0.14322854578495026,0.2633648216724396,0.2944454848766327,1.8781057596206665,-0.35263121128082275,-0.5480573177337646,0.029676711186766624,-0.3609413206577301,-0.39625051617622375,0.9541788101196289,0.6042789220809937,-0.7221112251281738,-0.054512783885002136,-0.6636906266212463,-0.4455813765525818,1.639371395111084,0.4589744806289673,1.3152023553848267,0.3310365378856659,1.2662333250045776,2.1132729053497314,0.48136451840400696,0.13157139718532562,-2.1355533599853516,0.09440892934799194,0.5795829892158508,-0.7197147607803345,0.06045505777001381,-0.6535100340843201,-0.8679379820823669,0.819591760635376,-0.5574328899383545,-0.6496767401695251,1.5469043254852295,1.3481436967849731,-1.784338355064392,-0.44223013520240784,1.2028223276138306,-0.06237350404262543,-0.04573513939976692,-1.4036281108856201,-1.3766180276870728,-2.038027763366699,-1.2985129356384277,0.5853911638259888,-0.9699352383613586,-1.6468513011932373,0.9623767137527466,-0.42699283361434937,-0.9905610084533691,0.05236412212252617,2.02341628074646,-0.6922173500061035,0.02073594182729721,-1.5560520887374878,1.3123737573623657,0.30888545513153076,0.9976950883865356,1.5024696588516235,1.1055734157562256,2.009866714477539,-1.011773705482483,1.0599969625473022,0.5569602847099304,-0.40306219458580017,-1.1028915643692017,0.12180325388908386,-0.49599212408065796,1.0891449451446533,1.2392079830169678,0.3389942944049835,1.6221284866333008,-0.11574780941009521,-0.6323398947715759,0.9699752926826477,-0.7519689798355103,-0.8352994322776794,0.6524977684020996,-0.38806119561195374,0.9421566724777222,-0.12014790624380112,-1.3879387378692627,-0.984287440776825,-0.466335654258728,-0.3598002791404724,-0.3055582344532013,0.29240742325782776,0.24889005720615387,0.453668475151062,-1.1005027294158936,-0.3423832356929779,0.5310511589050293,-0.06668536365032196
-0.09084728360176086,0.7843021750450134,1.2665945291519165,-0.015105057507753372,0.1700330376625061,-0.6469597816467285,-0.8930982351303101,1.1087937355041504,-0.7869072556495667,-1.5882747173309326,-0.25048336386680603,0.6059885621070862,-0.6585846543312073,-0.8791025876998901,0.6503393054008484,-1.0280382633209229,-1.2942008972167969,0.4899241626262665,-0.8202782273292542,0.782105028629303,0.6524165868759155,1.190246343612671,-0.037284962832927704,-1.0242336988449097,-0.22666089236736298,0.7501953840255737,-0.8465695381164551,-0.541281521320343,0.19385942816734314,0.12941226363182068,-1.212809681892395,-0.8217448592185974,-1.454264521598816,-0.7153118848800659,0.40690726041793823,-1.2333139181137085,-1.5733381509780884,0.20167988538742065,1.3450934886932373,-0.9264885187149048,-0.4628792405128479,0.5468875169754028,0.6054219603538513,-0.25426724553108215,0.9599887132644653,2.1674511432647705,-1.4274710416793823,0.6271142363548279,0.06353138387203217,-1.11859929561615,1.2778584957122803,1.193094253540039,0.26426374912261963,0.0741109699010849,1.595956563949585,-0.19165001809597015,0.5316276550292969,-1.4913195371627808,1.2403168678283691,0.7697033286094666,0.05249910429120064,0.9756650924682617,-0.010542393662035465,1.302423119544983,1.4032355546951294,0.06027694046497345,-0.7713841199874878,0.46195653080940247,1.4099467992782593,-0.1310904622077942,0.2542770802974701,-0.47554752230644226,0.5817296504974365,0.039324916899204254,-0.9426583051681519,1.2203470468521118,-0.6191065907478333,0.03722267225384712,-0.7222725749015808,-0.04317832365632057,-0.6076483726501465,0.37937143445014954,-0.008532829582691193,-0.17571091651916504,0.13918714225292206,1.3216289281845093,0.4723823070526123,-1.1775270700454712,0.36682212352752686,0.2170780599117279,-1.31394362449646,-0.16773132979869843,-0.039586231112480164,0.34946033358573914,0.36052361130714417,0.3449445366859436,0.6408299803733826,0.30847954750061035,0.0171742532402277,-1.3779062032699585,0.44012245535850525,-0.9574398398399353,0.4127926528453827,0.19698724150657654,1.123394250869751,0.6528850793838501,1.3110140562057495,-0.16515879333019257,-0.26122578978538513,-1.3269330263137817,-0.6402488946914673,-1.4967423677444458,-0.7620845437049866,-1.2132900953292847,0.11877404898405075,0.975173830986023,0.8406625390052795,2.1373660564422607,0.15366926789283752,0.4750986397266388,1.1046396493911743,0.7862290740013123,0.4244522750377655,2.254199743270874,0.14892074465751648,-0.40220585465431213,1.8480404615402222,0.36527159810066223
1.5015161037445068,1.2663341760635376,0.9936743378639221,-1.525903582572937,-1.3177766799926758,-0.41882404685020447,0.5940157771110535,0.7518187165260315,-1.2086775302886963,0.18657611310482025,-1.4702694416046143,1.7340731620788574,-1.0069479942321777,0.3264986574649811,0.5405789017677307,0.15080304443836212,0.7092552185058594,-0.08252596110105515,-0.2633550763130188,0.6982186436653137,0.0849606841802597,-2.684884548187256,-1.024393081665039,-0.5610175728797913,-0.1506081223487854,-0.9960988759994507,3.7235727310180664,0.3861147463321686,-1.912571668624878,1.0606212615966797,-1.6335744857788086,0.38007795810699463,-0.9793221950531006,0.00022481991618406028,-0.1710483729839325,0.8788734674453735,-1.1351687908172607,0.0896083414554596,0.12309522926807404,-1.6337093114852905,0.08498422056436539,-0.9090352058410645,-0.9394875168800354,1.9398407936096191,1.567573070526123,-1.2306777238845825,-0.38971713185310364,-0.3376155495643616,-0.13182489573955536,-0.42174509167671204,1.1915903091430664,0.24723920226097107,0.04338967427611351,0.42695382237434387,-0.5081325769424438,1.0992388725280762,1.334962010383606,-1.2158687114715576,-0.45224568247795105,1.0451858043670654,0.5631975531578064,0.9184235334396362,0.7211407423019409,-0.33114486932754517,-0.5747668147087097,0.22735968232154846,0.45865702629089355,0.38387057185173035,0.3106685280799866,0.3607388436794281,-1.5896568298339844,-2.4453628063201904,-0.2823635935783386,0.8343849778175354,-0.8500498533248901,-0.40876635909080505,-1.6476961374282837,-0.06634598970413208,-0.8073607683181763,0.5638768076896667,-0.5397794842720032,-0.22487518191337585,-0.9372115731239319,-0.15357491374015808,-0.38645508885383606,1.6262426376342773,-0.37044763565063477,0.09782999008893967,0.8166605234146118,-0.7868696451187134,0.6103941798210144,-1.4482156038284302,0.35813412070274353,3.0419516563415527,-0.958448052406311,0.42046597599983215,-1.4164398908615112,-1.0061472654342651,0.7063314914703369,-0.9192568063735962,-0.8419317007064819,-1.6963688135147095,2.1172947883605957,1.3681511878967285,0.6494883298873901,0.18964721262454987,0.5808565616607666,-1.9747074842453003,-1.5174773931503296,-1.9106206893920898,-0.6056182384490967,0.4662114679813385,0.6057312488555908,0.962480902671814,0.2871449589729309,1.1952807903289795,0.11121080815792084,0.27794039249420166,1.236291527748108,0.027828728780150414,-0.11336001008749008,0.04327716678380966,-1.0791317224502563,1.423665165901184,-0.7019758820533752,0.6676229238510132,0.2726382613182068,-0.041682168841362
0.8471505641937256,1.0330442190170288,0.7591429948806763,0.28890180587768555,-0.41744598746299744,-0.5729713439941406,-0.6395612955093384,-1.5507317781448364,-1.3561463356018066,-2.2191083431243896,0.6535261273384094,-0.5711551904678345,0.434562087059021,1.504664421081543,2.2200589179992676,-0.2559709846973419,1.2955729961395264,0.06799311190843582,-1.8411760330200195,-0.17008818686008453,-0.02780167944729328,0.5142792463302612,-0.5587919354438782,-2.5592939853668213,0.6569293141365051,0.6110454201698303,1.1196279525756836,-1.3830749988555908,-0.6520952582359314,0.4912744462490082,-1.7600016593933105,-2.0085341930389404,-0.6952797770500183,-0.8870990872383118,-1.0733187198638916,-0.5180572867393494,-0.4645816385746002,1.5848644971847534,0.6679908037185669,-0.723869264125824,-2.109927177429199,1.0640052556991577,-0.3559512197971344,0.5517710447311401,0.36734241247177124,0.9246662259101868,0.8337311148643494,-0.2025550752878189,0.3304803669452667,0.5329428315162659,1.173829197883606,0.16286420822143555,0.42707395553588867,0.8953624963760376,-0.19889159500598907,1.5233714580535889,1.1753004789352417,0.6786038875579834,-1.6281851530075073,-0.1619899570941925,-1.1578338146209717,-0.15709508955478668,1.1323589086532593,1.7166523933410645,2.200316905975342,1.0569804906845093,-1.250888705253601,0.2918640673160553,0.7784036993980408,-0.3166297674179077,-2.6029560565948486,-1.7000857591629028,-0.36518678069114685,-0.03093201108276844,-0.8261367082595825,-1.0482558012008667,-0.3613555133342743,-1.0250844955444336,0.5258340835571289,-0.7951040863990784,-1.077537178993225,-0.4140014350414276,-0.2924104332923889,-0.053335029631853104,-1.6611486673355103,1.5572028160095215,0.9828099012374878,-1.911675214767456,0.16015715897083282,-0.42480504512786865,1.01226806640625,0.14393240213394165,-0.744772732257843,0.5323397517204285,-0.89967942237854,0.8316977620124817,0.04466359317302704,0.060043130069971085,0.9573702216148376,-0.4028708338737488,1.1462804079055786,-0.483806848526001,1.1802068948745728,0.10516798496246338,0.23397234082221985,-0.048136696219444275,0.5648196935653687,-0.0636742040514946,-0.10291963070631027,-1.237400770187378,-0.1950945258140564,-1.2968887090682983,0.20736151933670044,0.7565051913261414,0.9199299216270447,1.427097201347351,-1.0233317613601685,-0.47302284836769104,1.7247612476348877,-1.6845033168792725,1.0759432315826416,0.3454081118106842,1.6838287115097046,0.6368153691291809,-0.6631641983985901,0.9981558918952942,-0.9355083107948303,1.3714393377304077
1.4712812900543213,-0.19580861926078796,-0.5009209513664246,-0.5487751960754395,-0.9791544079780579,-0.5479316711425781,-1.1941670179367065,0.7108246088027954,-0.919647753238678,-1.0759646892547607,-0.5739472508430481,1.5768932104110718,0.3125547766685486,0.7769770622253418,0.5643364787101746,1.5374997854232788,-0.9840611815452576,2.8837051391601562,0.7030246257781982,1.1596816778182983,1.7815954685211182,0.18734118342399597,1.1076414585113525,-0.6372264623641968,0.09344659745693207,-0.2060215026140213,0.8407207131385803,-0.40722593665122986,0.08835925161838531,0.1243300661444664,-0.7374243140220642,-1.2270869016647339,-1.1089900732040405,0.3764789402484894,-1.377475619316101,1.3089940547943115,-0.6081191897392273,0.533929705619812,1.1637754440307617,0.6997336745262146,-0.9543285965919495,-0.5182197690010071,0.33055379986763,-0.16269977390766144,1.7415151596069336,0.11822852492332458,-2.142378091812134,0.14296819269657135,0.6673699617385864,-1.6231553554534912,0.3202073574066162,0.19172580540180206,-0.5933979749679565,-0.2495509684085846,0.06191376596689224,1.9133491516113281,0.49348294734954834,-1.3692729473114014,0.4505162537097931,-0.33727455139160156,-0.061954647302627563,1.347809910774231,0.6138625144958496,1.311950445175171,0.8865240812301636,0.6865478754043579,-1.2584881782531738,-0.28424540162086487,2.697544574737549,-0.48836827278137207,0.825899600982666,0.18382631242275238,1.8063322305679321,0.8249856233596802,-0.8367907404899597,-0.356862872838974,-1.4202077388763428,-1.3733618259429932,-0.9180622100830078,-1.8403288125991821,-1.238328218460083,-1.6347367763519287,-1.4889038801193237,-2.0997297763824463,0.1380610167980194,-0.16371305286884308,1.89694082736969,-0.36391422152519226,0.7452853918075562,-0.16241376101970673,1.4824800491333008,-0.5278488993644714,1.0236408710479736,-0.17276497185230255,0.47852644324302673,1.6317211389541626,-0.22527413070201874,-0.04780972748994827,-0.22628840804100037,-1.2158377170562744,-0.9293185472488403,-0.47730910778045654,-0.5193674564361572,-0.026604730635881424,1.0929423570632935,2.494089365005493,1.0862705707550049,-0.5363609790802002,-1.0490177869796753,-0.5447506308555603,-0.3215043246746063,0.06083067134022713,1.0697349309921265,-0.3189704418182373,0.10638558864593506,1.768467903137207,-0.06705877184867859,0.1524127572774887,-1.7383571863174438,-1.4381271600723267,-0.16591563820838928,-1.2569459676742554,-0.5129557251930237,0.15369363129138947,0.160736545920372,0.03925899416208267,0.597762942314148,2.3394672870635986
2.7662222385406494,2.7137913703918457,1.9670498371124268,-0.028210550546646118,-2.6786398887634277,-1.489933729171753,0.2955279052257538,2.164889335632324,-0.43722596764564514,-0.9147207736968994,-0.15251487493515015,1.3984203338623047,-0.6146660447120667,0.10444826632738113,1.9193638563156128,0.43667706847190857,-0.976155161857605,0.9297621250152588,-1.1337898969650269,0.5725496411323547,0.5063665509223938,-0.364535927772522,0.061533618718385696,-2.1352994441986084,-1.0423582792282104,0.15085706114768982,0.9359455704689026,0.2570534944534302,-2.1310102939605713,0.16804902255535126,-1.5722543001174927,-1.4814422130584717,1.2825373411178589,-1.1143076419830322,-1.0032827854156494,0.6390386819839478,-0.14254751801490784,-0.11238955706357956,0.22083067893981934,-0.6187147498130798,-0.6285949945449829,0.36173322796821594,-1.0517699718475342,0.4624382257461548,0.8400886654853821,0.10846039652824402,-0.4426465928554535,0.13755318522453308,-0.2588255703449249,-0.9636090397834778,2.708767890930176,2.594068765640259,0.056868623942136765,0.6642985939979553,0.7407400608062744,1.0380990505218506,0.12295284122228622,-1.484279751777649,-1.0366429090499878,2.2029242515563965,-0.34850847721099854,1.324334740638733,0.21690519154071808,0.7667606472969055,1.143312692642212,0.8044063448905945,-0.6777433753013611,0.16240915656089783,0.8375216126441956,0.7317342162132263,-0.5147743225097656,-1.4520319700241089,0.8267114162445068,0.1433209776878357,-0.9248509407043457,0.2617355287075043,0.7434142827987671,0.8160589337348938,-1.545416235923767,1.316205620765686,-0.49768221378326416,0.13072997331619263,-2.3944239616394043,-0.8301734328269958,0.4035367965698242,0.24832861125469208,-0.5304135680198669,0.7607403993606567,0.387376993894577,-1.1284937858581543,-0.02814093604683876,-0.510091245174408,-0.9739461541175842,0.4094431698322296,-0.12971894443035126,2.4875831604003906,1.2484058141708374,0.41189706325531006,0.31491637229919434,-0.8540212512016296,-0.3241657614707947,-0.020193852484226227,-1.506471037864685,1.0758211612701416,1.345798134803772,-0.3627009093761444,0.15280704200267792,-1.5285720825195312,0.36286669969558716,0.9540154933929443,0.21710042655467987,-0.6984860301017761,-0.8356058597564697,-0.43840283155441284,1.4888955354690552,-0.5323484539985657,-2.300243377685547,0.948725700378418,0.33641064167022705,0.4903499186038971,0.16331817209720612,-0.39487120509147644,0.5770523548126221,1.13661789894104,1.1946736574172974,1.0393563508987427,0.19038084149360657,-0.49414587020874023
0.984930157661438,1.5684562921524048,-0.461902916431427,-2.295419454574585,-0.8072604537010193,0.34347254037857056,0.05980050936341286,1.304850459098816,-1.23317289352417,-1.891808271408081,-0.12463031709194183,2.4838922023773193,-2.7014999389648438,-0.2811710238456726,-0.15102356672286987,0.28064557909965515,0.614557147026062,1.173329472541809,-1.8864483833312988,1.5906751155853271,-1.5842316150665283,0.18659371137619019,-0.9072332382202148,-1.471042275428772,-0.5931802988052368,-0.11655309796333313,1.3850268125534058,-1.1984508037567139,-0.8664390444755554,-0.9645387530326843,-1.4765809774398804,0.7807506322860718,-1.1935211420059204,-0.59913170337677,-1.1681809425354004,-0.08204664289951324,0.5737950205802917,0.028669800609350204,2.0234949588775635,-0.23618951439857483,-2.066640615463257,0.42906031012535095,-1.0968841314315796,1.569499135017395,0.4022979140281677,0.7678548097610474,0.20439232885837555,-0.4731060862541199,-0.5626286864280701,-0.9992526173591614,1.1525471210479736,0.0067061446607112885,1.0373828411102295,0.6283047199249268,2.2536814212799072,-0.0812469869852066,-0.16041231155395508,0.0806194320321083,-0.21975618600845337,1.4861245155334473,0.16012582182884216,-0.8816058039665222,1.6733356714248657,0.5081639289855957,0.8511171936988831,-0.8994970917701721,-1.6306216716766357,0.2385825365781784,1.193801999092102,-0.4754379391670227,-0.7730422616004944,-0.3653237223625183,1.285913109779358,1.8558934926986694,0.49277636408805847,-1.4857673645019531,-1.7498432397842407,-1.5259613990783691,-0.7630581259727478,-1.3980225324630737,-0.006008360534906387,-1.1582039594650269,-0.8078551888465881,0.5888954401016235,0.7815959453582764,1.8485279083251953,-0.15920110046863556,-0.8822002410888672,-0.6684978604316711,-0.3429061770439148,-0.6326899528503418,-0.0806092694401741,1.589377999305725,1.1550722122192383,1.029725432395935,0.7745658755302429,0.03017738275229931,0.7280157804489136,1.4903912544250488,-2.3156871795654297,-0.09718187898397446,-1.529502272605896,0.39058718085289,-0.07385432720184326,1.5124558210372925,-0.020595159381628036,1.5308382511138916,-0.4995415210723877,0.5017328262329102,-1.214149832725525,-0.03465316444635391,-0.1674264371395111,-0.0542423315346241,0.3606516420841217,1.2622597217559814,1.6078213453292847,-1.2380473613739014,1.5373531579971313,2.3380777835845947,-0.3507808744907379,1.6200532913208008,0.48436489701271057,-0.1743507832288742,1.0150419473648071,-0.6225408911705017,0.1698227971792221,0.837723970413208,0.44483619928359985
0.7678516507148743,1.499832272529602,0.9243863821029663,-1.758352279663086,-0.36288219690322876,-1.1249229907989502,0.6457752585411072,-0.08694157004356384,-1.1092344522476196,-1.5697890520095825,-0.5235181450843811,1.0812933444976807,0.019894830882549286,1.094286322593689,2.188875436782837,0.551355242729187,0.8138589859008789,0.15648487210273743,-0.8392444252967834,0.2852022051811218,1.49104642868042,-1.0443313121795654,0.06730000674724579,-0.5756832361221313,-0.4301491975784302,-0.8730254173278809,2.014301061630249,-1.5942758321762085,-0.6952809691429138,-0.007550552021712065,-1.4600441455841064,-2.722822427749634,0.6704035997390747,-1.0245095491409302,1.2186901569366455,-1.7530882358551025,-1.3181854486465454,0.46559765934944153,-0.08378381282091141,-0.8473348617553711,-0.7042502760887146,-0.21574446558952332,2.0527846813201904,-1.3585765361785889,1.943285584449768,0.5424657464027405,-1.4300384521484375,0.18059496581554413,0.5215751528739929,-1.5388747453689575,0.8805969953536987,1.5572993755340576,0.35550257563591003,-0.16619698703289032,0.9413941502571106,0.26135697960853577,0.9763227105140686,-1.0976076126098633,-1.0761138200759888,1.4088331460952759,0.5021176934242249,0.47115474939346313,0.4191640019416809,-0.1027216911315918,0.18993431329727173,0.18743473291397095,-0.7360941767692566,1.711876630783081,0.5246146321296692,0.04981304705142975,-1.015439510345459,-0.19486281275749207,-0.8168819546699524,0.11416009068489075,-0.9686271548271179,-1.4524391889572144,-0.12704035639762878,-0.6370930671691895,-0.7339990139007568,1.4027750492095947,-0.010989907197654247,0.1546865701675415,0.23194819688796997,-1.59609055519104,-2.019806146621704,-0.7573496103286743,0.2570735514163971,-1.4463140964508057,-0.25543245673179626,-0.8107901811599731,1.0190207958221436,1.469062328338623,0.565818727016449,1.2389894723892212,0.26980286836624146,0.5426152348518372,0.7320626974105835,0.03541488200426102,0.9883276224136353,-1.2525755167007446,-0.17231298983097076,-1.0062073469161987,0.7979361414909363,-0.3183048367500305,0.7178956866264343,-0.284404456615448,1.2109264135360718,-0.4568292498588562,-1.016800880432129,-1.1264699697494507,0.10614761710166931,-0.556697428226471,0.039345238357782364,-0.8927082419395447,-0.9643332362174988,0.8810893297195435,1.7700973749160767,1.549334168434143,-0.9053575992584229,0.06521780043840408,-0.018548762425780296,0.5151762962341309,0.9453490972518921,0.6346793174743652,-0.10855399817228317,-0.17897871136665344,0.022292010486125946,1.2707699537277222
0.557611346244812,0.7401830554008484,0.31771254539489746,0.9029618501663208,-1.6822665929794312,-1.8580169677734375,-0.8219537138938904,0.341951847076416,-1.4658273458480835,-0.9657955765724182,-1.4863686561584473,1.4752345085144043,-0.14072780311107635,-1.0011560916900635,0.4770999848842621,0.24712678790092468,-0.1974203735589981,0.34345942735671997,0.6170887351036072,0.7220847606658936,-0.5940071940422058,0.787961483001709,1.3029510974884033,-1.1401066780090332,-0.5329698920249939,-1.5067185163497925,0.9486308097839355,-0.9362578392028809,-0.19924229383468628,-0.6125423908233643,-0.45875057578086853,-1.195851445198059,0.2824546992778778,-1.3123860359191895,-0.69041508436203,-0.9576342105865479,-0.03845682367682457,-0.12294312566518784,0.46025973558425903,0.6805922985076904,0.7225162982940674,0.5977596044540405,-0.7167870402336121,-0.6642118692398071,0.577697217464447,0.718488872051239,-1.3397271633148193,0.7408381104469299,-0.1709756851196289,-1.2414932250976562,1.4723033905029297,0.6759575009346008,-0.5298407673835754,0.22470062971115112,0.5335103273391724,0.958865761756897,-0.09764692932367325,-1.1228797435760498,-0.3670046031475067,-0.5347062349319458,-0.201178640127182,2.0450236797332764,0.7091180086135864,0.8194448947906494,1.0142455101013184,1.0370078086853027,-0.6937597393989563,0.9918726086616516,1.9927053451538086,0.06686205416917801,-0.9766671657562256,-0.3774658441543579,0.021454861387610435,0.020878866314888,-0.9867057800292969,-0.19224154949188232,0.03913570195436478,0.3584434986114502,-0.7333303093910217,-0.8821853399276733,-1.8366583585739136,0.21079309284687042,-0.22400210797786713,0.04417315497994423,-1.1454557180404663,1.0229854583740234,1.6723357439041138,-0.8112872838973999,2.1252622604370117,-1.4625587463378906,-0.816654622554779,-0.9548424482345581,-1.9052058458328247,-0.7204227447509766,-1.0345770120620728,-0.22269020974636078,-0.4896472096443176,-0.3292313516139984,0.28033149242401123,-0.30744442343711853,0.8286621570587158,0.3081651031970978,0.5913876295089722,1.7796213626861572,0.7339082360267639,0.42482835054397583,1.6196149587631226,-1.1870942115783691,0.22270143032073975,-0.5018690228462219,-1.7579320669174194,-0.5263991355895996,-1.2605427503585815,-1.0500248670578003,-0.21283690631389618,-1.295057773590088,-0.35620853304862976,1.3027453422546387,0.2621273994445801,0.17724402248859406,0.3351614475250244,0.6983171105384827,-0.2673059403896332,2.0122663974761963,-0.5383300185203552,-0.14306947588920593,1.041006326675415,0.25420138239860535
