1.646256446838379,1.3864158391952515,1.8858493566513062,-2.15152907371521,-2.6481428146362305,-0.30074167251586914,-0.506754457950592,0.9143894910812378,-0.31603938341140747,-1.7471438646316528,-0.619065523147583,2.199784278869629,-1.4039276838302612,1.5585603713989258,1.4374688863754272,1.4431742429733276,-0.43724989891052246,1.5704854726791382,-0.6593363285064697,0.8422389030456543,0.8525403738021851,-1.041905403137207,-0.9778074622154236,-0.3806036114692688,0.5866113305091858,0.015665611252188683,2.1143336296081543,-0.14701396226882935,-1.3753052949905396,0.3678869605064392,-1.480087399482727,-0.7589618563652039,-0.8764511346817017,-0.2869015038013458,-0.4251578450202942,0.1968005746603012,0.15602998435497284,0.3895232677459717,-0.17446637153625488,-0.5074141621589661,-0.49261653423309326,-0.6016117334365845,-1.6408756971359253,0.8017734289169312,0.12311134487390518,-0.17524835467338562,-0.5220869779586792,-0.5211785435676575,0.33467578887939453,-0.3775823414325714,0.18830811977386475,0.6151775121688843,-0.12049034237861633,0.7887144088745117,-0.27224236726760864,0.10882288217544556,0.6168851852416992,-0.9840188026428223,-0.5108523964881897,0.32791176438331604,-0.2939251959323883,0.5806664824485779,0.3387943208217621,-0.20777305960655212,-0.1674313098192215,0.4251665472984314,0.5784596800804138,0.23540295660495758,-0.3907904624938965,0.5489238500595093,0.04816354066133499,-1.0119149684906006,0.09365769475698471,0.39545121788978577,-0.3360770046710968,0.6822561025619507,-0.33872854709625244,0.05219786614179611,0.2060287743806839,-0.3652101159095764,-0.3102540671825409,-0.487329363822937,-0.30287837982177734,0.44879472255706787,0.003355161054059863,0.3641631007194519,-0.6223175525665283,0.625568687915802,-0.05074259266257286,0.7393863201141357,0.9517459273338318,-0.3468353748321533,-0.566145658493042,1.3520594835281372,-0.09414998441934586,-0.14480268955230713,-1.0318067073822021,-0.1521775722503662,-0.40012669563293457,0.38590335845947266,-0.5511152744293213,-0.6788601875305176,0.638263463973999,1.2014931440353394,0.573379635810852,0.8962740302085876,0.07421086728572845,-0.8931221961975098,-1.194408893585205,-0.6724631786346436,0.1321399211883545,-0.20838706195354462,-0.07985807955265045,0.2097790539264679,0.3826860785484314,0.8939822316169739,-0.29975074529647827,0.4088321030139923,0.760184109210968,-1.093878149986267,0.4149192273616791,-0.18449799716472626,0.014097404666244984,0.5935686230659485,-0.13734962046146393,1.386258840560913,0.021989159286022186,0.12555773556232452
-0.6260166168212891,0.8430389761924744,0.7495253086090088,-0.3510039150714874,0.3910551965236664,0.06691915541887283,-0.39403533935546875,0.8524850010871887,-0.16759461164474487,0.20526570081710815,-0.036461349576711655,-0.08544976264238358,-0.06776951253414154,-0.3930683434009552,-0.350772500038147,0.037887975573539734,-0.4156884253025055,0.47774583101272583,0.026388606056571007,0.3633321225643158,0.38955166935920715,0.2510218918323517,-0.3461616635322571,-0.542513906955719,-0.42885521054267883,-0.39998722076416016,-0.42142316699028015,-0.4327544569969177,-0.25929757952690125,-0.04228268191218376,-0.38817986845970154,-1.3726742267608643,-0.1505550593137741,-0.2948804497718811,-0.17735786736011505,-0.3955458402633667,-0.5599981546401978,0.29044485092163086,0.5272079706192017,-0.2842210829257965,-0.15881361067295074,0.13641200959682465,0.012109095230698586,-0.9959551095962524,0.7860367894172668,1.2226970195770264,-0.5367245674133301,-0.19054965674877167,0.38263189792633057,-1.294682264328003,0.4740753471851349,1.1412713527679443,0.42786556482315063,0.22559203207492828,0.7402305006980896,0.6133519411087036,0.7404320240020752,-1.2057892084121704,0.8343342542648315,0.7490949630737305,0.2824612855911255,0.856458306312561,-0.2860001027584076,0.5022522807121277,0.9463173747062683,1.0176903009414673,-0.5756925940513611,1.3870314359664917,0.993778645992279,-0.07841788232326508,-0.9288579821586609,-0.9840457439422607,0.9009180665016174,-0.1250884085893631,-0.025587238371372223,0.6447490453720093,-0.7802168130874634,-0.8821132779121399,-1.2292925119400024,-0.22001735866069794,-1.1588795185089111,0.13461892306804657,0.05836062133312225,-0.8054465055465698,-0.9488891363143921,0.7358870506286621,0.36096861958503723,-1.435558557510376,-0.09860140830278397,-0.03360988572239876,0.739130973815918,0.008784642443060875,0.2452881932258606,0.9710270762443542,0.8525469303131104,0.7791242003440857,-0.45685285329818726,0.3981281816959381,-0.3560314178466797,-0.4543203115463257,0.34278231859207153,-0.6578750014305115,0.9616175889968872,0.9256057143211365,1.5304011106491089,1.0950210094451904,1.0793336629867554,-0.6857470870018005,-0.5216741561889648,-0.2539563775062561,-0.4833105504512787,-0.5679268836975098,-0.4581200182437897,-0.8426676988601685,-0.38796111941337585,0.5134517550468445,0.5921865105628967,1.5929484367370605,-0.5025023818016052,-0.3838631510734558,0.7413773536682129,1.1339960098266602,1.0865373611450195,1.1745750904083252,-0.9087295532226562,0.828503429889679,0.9256137609481812,0.5080927610397339
-0.15083014965057373,0.1163640171289444,0.05185411497950554,0.24643918871879578,-0.18387335538864136,-0.15118658542633057,-0.3330437242984772,0.18261390924453735,-0.31270480155944824,-0.038522616028785706,-0.7682376503944397,0.6028008460998535,-0.043921999633312225,-0.3399817943572998,0.21152906119823456,0.0935925841331482,0.08941002935171127,0.8939968943595886,-0.4797038733959198,0.5244420170783997,0.8233456015586853,-0.1539754718542099,0.1432565450668335,-0.9151119589805603,0.28774839639663696,0.06550684571266174,0.6012031435966492,-0.20227661728858948,-0.27522340416908264,0.3056437373161316,-0.32923009991645813,0.13947941362857819,-0.6944517493247986,-0.9786810278892517,-0.20039376616477966,-0.02994276024401188,-0.1563725769519806,0.22881491482257843,0.22763578593730927,-0.5362796187400818,-0.43190473318099976,-0.10482946038246155,-0.48004448413848877,-0.30365726351737976,0.016150809824466705,0.1804560422897339,-0.9296537041664124,-0.1086515411734581,0.01672499068081379,-0.5787128806114197,1.1569688320159912,0.8756372928619385,-0.7597069144248962,0.9380657076835632,0.011886111460626125,1.4112623929977417,0.24233902990818024,-0.8757193684577942,-0.2476978898048401,-0.3963187634944916,-0.036719873547554016,0.29833948612213135,-0.03594110533595085,0.6276989579200745,1.2393550872802734,0.2917792499065399,-0.8347533345222473,0.5863314270973206,1.8259917497634888,0.2832021415233612,-0.9558871388435364,-1.184766411781311,-0.09902462363243103,0.3152519166469574,-0.9753598570823669,0.7006962299346924,-0.7043803334236145,-0.8746805787086487,-0.23745062947273254,-0.9444433450698853,-2.091277837753296,-0.2954324185848236,-0.6358471512794495,-0.4427206814289093,-0.4797185957431793,0.9082441926002502,1.1521168947219849,-0.659235417842865,0.30325451493263245,-0.03298718109726906,0.8361474275588989,-1.2197314500808716,-0.6160051822662354,0.6966499090194702,-0.2552362382411957,1.0055172443389893,-0.21529941260814667,-0.9164171814918518,-0.7036638259887695,-0.33030062913894653,-0.6545952558517456,-0.6593776941299438,0.09718743711709976,1.2949467897415161,0.21966826915740967,1.3921054601669312,0.8697179555892944,-0.9585848450660706,-1.1431517601013184,-0.7127010226249695,0.09422750025987625,-0.5346786975860596,-0.15469704568386078,-0.7065732479095459,0.9234359860420227,0.5159741044044495,-0.4100797474384308,0.626137375831604,0.15561790764331818,-0.4137584865093231,-0.27906981110572815,-0.12330092489719391,-0.3205854296684265,0.6853618621826172,0.5275769233703613,0.2432224601507187,0.4604887366294861,0.7884007096290588
0.3425156772136688,-0.11432337015867233,0.6803237795829773,-1.066346287727356,-0.9281401634216309,0.15950149297714233,0.04012340307235718,-0.15881557762622833,-0.36280834674835205,-0.476214200258255,0.4379994571208954,0.8392870426177979,-0.3342847228050232,0.5904998183250427,-0.028865577653050423,-0.06294699758291245,-0.5027515888214111,0.9361278414726257,-0.28535473346710205,1.0909743309020996,-0.11316514760255814,-0.6572269201278687,-0.3977186679840088,0.3515380918979645,-0.05339536815881729,-0.08215721696615219,1.2601697444915771,-0.3039686679840088,-1.2285467386245728,0.2558022737503052,0.17579294741153717,0.09383170306682587,-1.4826505184173584,-0.5275417566299438,-0.3555852174758911,-0.8835286498069763,0.2153649926185608,0.9573026895523071,0.912738561630249,-0.8443187475204468,-0.6614072918891907,-0.5253509283065796,-1.4870021343231201,0.4654378294944763,1.1373168230056763,0.2072916179895401,-0.8575354814529419,0.33717119693756104,0.6219467520713806,-1.669189214706421,1.7751208543777466,0.5414547324180603,-0.3786521852016449,0.9028922915458679,0.7083492279052734,1.5013282299041748,0.488606333732605,-0.8145492672920227,-0.2148677408695221,0.8007215261459351,0.475740522146225,0.36494913697242737,0.5404894351959229,-0.31941959261894226,-0.123253732919693,1.69646418094635,-0.3316275477409363,0.015806136652827263,0.771256148815155,0.4004233777523041,0.21545474231243134,-0.8581526875495911,0.7710483074188232,-0.4935145378112793,-1.1076282262802124,-0.34965118765830994,-0.031018605455756187,-1.1794688701629639,-0.05112264305353165,-0.841132402420044,-0.18903930485248566,-0.25634321570396423,-0.21094225347042084,0.5857158303260803,-0.358328640460968,0.18430860340595245,0.699214518070221,-0.0880698561668396,0.3196159899234772,0.7083932161331177,1.280646562576294,-0.2836800515651703,-0.5620168447494507,1.5941733121871948,0.3835909962654114,0.82133948802948,-0.4189208447933197,0.11803196370601654,-0.10142723470926285,0.3255331516265869,-0.7778763771057129,-0.7506039142608643,0.29272252321243286,0.3745589256286621,1.5683914422988892,0.4666904807090759,-0.2714824378490448,-0.2718539834022522,-0.22367161512374878,-0.43937015533447266,0.32215678691864014,-0.9117127060890198,0.470701664686203,0.31852513551712036,0.6350688934326172,0.5223379135131836,-0.7585600018501282,0.10853803157806396,0.6407554745674133,-1.256356120109558,0.6072068214416504,0.45340463519096375,-0.15252315998077393,0.18986395001411438,-0.4484808146953583,1.146963357925415,0.1804259866476059,0.38780519366264343
0.15759588778018951,0.4760028123855591,0.5858030319213867,-0.5424136519432068,-0.1901533156633377,-0.2757227420806885,-0.601284921169281,0.5520174503326416,-0.40545564889907837,-1.0624862909317017,0.6270833611488342,0.33288732171058655,0.39764204621315,-0.0034262407571077347,0.5683389902114868,0.24052929878234863,-0.11608616262674332,0.957739531993866,-0.6091974377632141,-0.175393208861351,0.36025741696357727,0.17851302027702332,0.2874623239040375,-0.755729615688324,0.6711679697036743,-0.6514684557914734,0.8294466733932495,-0.07105779647827148,-0.11275021731853485,0.4313742220401764,0.04029146209359169,-1.12513267993927,-1.0369691848754883,-0.3247300982475281,-0.004391764756292105,-0.250866174697876,-0.6998950242996216,0.25742751359939575,1.1307346820831299,0.366415798664093,-1.0147016048431396,0.06385771930217743,-0.37767118215560913,0.020487302914261818,0.3536720871925354,0.5857363939285278,-0.7797514200210571,-0.8806605339050293,0.16294820606708527,-0.6835471987724304,0.11134590208530426,0.0962948203086853,0.5493627190589905,0.887567400932312,0.1500502973794937,0.30974245071411133,-0.5104662775993347,-0.8624552488327026,0.2543012499809265,-0.01450334768742323,0.26001107692718506,0.5925942659378052,0.48879683017730713,0.7226924896240234,0.48862260580062866,0.40415632724761963,-1.1948713064193726,0.03779185190796852,1.252138376235962,0.389293909072876,-1.007033348083496,-0.8321665525436401,0.601901650428772,-0.03279018774628639,-0.8702659606933594,0.6649609208106995,-0.34393927454948425,-0.7572121620178223,-0.9593552947044373,-0.2614537477493286,-0.19155468046665192,-0.47452518343925476,-0.5403278470039368,-1.0492581129074097,-0.3450292646884918,0.5864670276641846,-0.4458686113357544,-0.36259639263153076,-0.04405444115400314,-0.025660600513219833,0.698263943195343,-0.4025314450263977,-0.43019476532936096,0.9690161943435669,0.41231080889701843,-0.16028182208538055,-0.7842575907707214,0.6446312069892883,0.15527580678462982,0.22808755934238434,0.6796854138374329,-0.2885817289352417,0.05235857516527176,0.5397100448608398,1.16488778591156,1.318858027458191,0.19080793857574463,-0.9364108443260193,-0.9937573671340942,-0.2044730931520462,-0.74395751953125,-0.6499810814857483,-0.1863982230424881,-0.5422680974006653,-0.11305302381515503,1.0831918716430664,1.113815188407898,1.743218183517456,0.4983227252960205,-1.0041015148162842,-0.24780063331127167,0.7926803231239319,-0.29580214619636536,1.935557246208191,0.2786686420440674,1.0810351371765137,0.16669869422912598,0.3416283130645752
0.800456702709198,0.863193929195404,1.2749606370925903,-0.664479672908783,-0.9376282691955566,-0.0896405428647995,-0.5902848839759827,-0.12611345946788788,-0.03676442429423332,0.14386746287345886,-0.7239734530448914,1.039381504058838,-0.3133265972137451,0.15326036512851715,-0.25162622332572937,0.053724732249975204,-0.05406816676259041,-0.1428646743297577,-0.26869431138038635,1.3912179470062256,0.8589938282966614,-0.9279155135154724,-0.1364995539188385,-0.49417170882225037,0.05094069615006447,-0.33046993613243103,0.305073082447052,0.48550382256507874,-0.025410698726773262,-0.6088703870773315,-0.8535051941871643,-0.2211826890707016,-1.0635948181152344,-1.139764428138733,-0.5450259447097778,-0.25896990299224854,-0.5639118552207947,1.4550069570541382,1.5723824501037598,-0.4432326555252075,-1.128567099571228,0.22740550339221954,-0.6459980607032776,0.28166231513023376,0.8304095268249512,0.49774765968322754,-0.031956449151039124,-1.0244704484939575,1.2582653760910034,-1.3563461303710938,-0.0669211819767952,1.7642890214920044,-0.3585517704486847,0.9705380201339722,0.9303280711174011,0.09849293529987335,0.570084273815155,-1.9606374502182007,0.19827578961849213,0.2882276177406311,0.028229570016264915,0.30376148223876953,0.9504227638244629,0.153213232755661,1.02030611038208,0.7372445464134216,-0.07384879887104034,0.8026108145713806,0.09855780005455017,-0.7159281969070435,0.3388344943523407,-1.0096875429153442,0.7461545467376709,-0.040477901697158813,-1.0755877494812012,-0.2820722758769989,-1.3483937978744507,-0.6556174755096436,-1.2411751747131348,-0.7471039891242981,-1.083446979522705,0.8468607664108276,0.5604197382926941,0.10001552104949951,-0.6467826962471008,-0.10123945027589798,0.9593520164489746,-0.3291682302951813,-0.014784391038119793,-0.12149760872125626,0.5081383585929871,-0.39668190479278564,-0.3677005171775818,0.9801430106163025,0.4985155463218689,0.3168794512748718,-0.19416868686676025,-0.14950895309448242,-0.6124040484428406,0.23350100219249725,-0.38043102622032166,-0.44831326603889465,0.32542476058006287,1.7203336954116821,0.5504834651947021,0.2705638110637665,0.9167382121086121,0.22106347978115082,-0.5593719482421875,-0.6893300414085388,0.2770631015300751,-0.8210036754608154,-0.014849085360765457,-0.8788304924964905,0.48021191358566284,0.49768567085266113,-0.07618004083633423,0.4109083116054535,0.5609505772590637,-0.21502475440502167,0.8688879609107971,0.2955133020877838,0.9585433602333069,0.025465339422225952,-0.5891593098640442,-0.27634376287460327,0.847260057926178,-0.4320528209209442
-0.27278465032577515,0.3465283215045929,0.17028850317001343,-1.2387678623199463,-1.2225359678268433,0.47931379079818726,-0.45620641112327576,0.5636405348777771,-0.4198620617389679,-1.2134373188018799,-0.12962211668491364,1.6214749813079834,-0.6553397178649902,0.3009229898452759,0.9854139685630798,0.4661693274974823,-0.697792112827301,1.292885661125183,-0.756166934967041,0.3401847779750824,0.575130045413971,-0.3203798234462738,-1.1188151836395264,-0.0945359542965889,0.1778799146413803,0.04419676214456558,0.3800695836544037,-0.5662725567817688,-0.8521397113800049,0.9297341704368591,-0.3548004627227783,-0.5012120604515076,-0.7237656116485596,-0.2654963731765747,-0.6788835525512695,-1.436746597290039,0.13167370855808258,0.31986114382743835,0.2217589169740677,0.2073439657688141,-0.1014590784907341,-0.7942301630973816,-0.8002426028251648,-0.42351847887039185,0.5575196743011475,-0.08790391683578491,-1.4438130855560303,0.4831378161907196,-0.06326364725828171,-1.2272347211837769,0.9069449305534363,0.5892817378044128,0.7190595865249634,0.8180378079414368,-0.20830866694450378,1.3422284126281738,0.5631770491600037,-0.30981025099754333,-0.4178122878074646,0.9326633810997009,0.10674528777599335,0.8979701399803162,-0.5992599129676819,0.2519907057285309,0.05545849725604057,0.184454545378685,0.13525937497615814,0.9693745374679565,0.6662542819976807,0.4575057923793793,0.05614413693547249,-0.25919321179389954,0.3448154032230377,0.21357662975788116,-0.023605769500136375,0.9140071868896484,0.04647531732916832,-1.0581848621368408,-0.5596105456352234,-0.9049919843673706,-0.3411863148212433,-0.22958903014659882,0.18663503229618073,-0.18009032309055328,0.21475990116596222,-0.8977923393249512,0.5188940763473511,0.14653070271015167,0.8777161836624146,0.042394742369651794,1.1480045318603516,1.0224992036819458,-0.015727173537015915,0.03553498536348343,0.36676597595214844,0.6339132785797119,-0.7000316977500916,0.16555140912532806,0.4988119304180145,-0.646660327911377,0.1758933663368225,-0.7772641181945801,0.729338526725769,0.2778831422328949,1.7080873250961304,1.1862651109695435,1.08256196975708,-0.4651850461959839,-0.8040927052497864,-0.29705196619033813,0.7584430575370789,-0.8056889176368713,-0.09883658587932587,-0.17996780574321747,0.48007598519325256,0.5783267617225647,-0.45769965648651123,1.424314260482788,-0.5120164155960083,-0.2788099944591522,0.5610166192054749,0.13931319117546082,0.39622795581817627,1.0282846689224243,-0.19968073070049286,0.7359445691108704,1.5863350629806519,0.72926926612854
0.46867281198501587,0.5740041136741638,1.4360852241516113,-0.16427060961723328,-0.8641766905784607,-0.6796702742576599,-0.5158143639564514,0.9417724609375,-0.3068217933177948,-0.8381398916244507,-0.9153853058815002,0.6020218133926392,-0.4999784827232361,0.07136405259370804,1.0674453973770142,0.12447531521320343,0.2713814973831177,0.7481045722961426,-0.61875319480896,0.042974602431058884,0.9699751138687134,0.17896555364131927,-0.055215440690517426,-0.9410555362701416,-0.024299658834934235,-0.021716713905334473,1.28334379196167,-0.29343199729919434,-1.0328946113586426,-0.07003370672464371,-0.9890154004096985,-0.434922993183136,-0.6739407777786255,-0.49380630254745483,0.059110842645168304,0.5760325789451599,-0.22401106357574463,0.6026055812835693,0.3054644465446472,-0.7883623838424683,-0.5813944935798645,0.29500076174736023,-0.4453426003456116,-0.07867664098739624,0.30752259492874146,0.17248040437698364,0.10750682651996613,0.1688220202922821,-0.10762443393468857,-0.0754614993929863,1.463198184967041,0.8540495038032532,-0.7035315036773682,0.5883217453956604,0.10984786599874496,0.47695907950401306,0.7584744691848755,-0.5779575705528259,0.34088245034217834,-0.2971442639827728,-0.23104611039161682,0.4386861324310303,0.4035866856575012,0.7946431636810303,-0.014423138462007046,0.9075160622596741,-0.16466300189495087,0.31759947538375854,0.4834049642086029,0.5077725052833557,-1.3772945404052734,-1.459429383277893,-0.02377229556441307,0.38883888721466064,-0.8176276087760925,0.2899957299232483,-0.7848153114318848,0.22288843989372253,-0.3073092997074127,-0.953039288520813,-1.6489969491958618,-0.2571391761302948,-1.466559648513794,-0.2550378143787384,-0.5391227006912231,1.4097023010253906,0.4873785376548767,-1.189246654510498,-0.7259925603866577,-0.14560265839099884,-0.07884106040000916,-0.9970506429672241,0.17780211567878723,1.071194052696228,-0.5620619654655457,0.9511291980743408,-0.6415570974349976,-0.4558756649494171,-0.46738141775131226,0.28633400797843933,-0.46393436193466187,-0.5664443373680115,0.6771610379219055,1.3235218524932861,0.29681679606437683,1.1816924810409546,0.5134764313697815,-1.1540189981460571,-0.7194450497627258,-1.0737416744232178,-0.3419109284877777,-0.11395488679409027,-0.6035377979278564,-0.27774283289909363,0.8634735941886902,0.8760083913803101,-0.4979073703289032,0.2657088339328766,0.5077307820320129,-0.45284220576286316,-0.07757650315761566,0.11185857653617859,0.5974084138870239,0.6514118909835815,0.2941116988658905,0.7097419500350952,-0.23038257658481598,0.8091502785682678
0.7392140030860901,0.7144148349761963,0.12139852344989777,-1.182347059249878,-0.6517976522445679,-0.019830049946904182,-0.01964426226913929,0.14446064829826355,-0.771309494972229,-0.33701542019844055,0.23796425759792328,0.9115132689476013,-0.43478071689605713,-0.3677199184894562,0.5083529949188232,0.4128013551235199,-0.38122081756591797,0.3242778778076172,-0.6595543026924133,1.1802613735198975,-0.09597916901111603,0.34418681263923645,0.5807671546936035,-0.2145148515701294,-0.6456084847450256,-0.43688085675239563,-0.28239646553993225,-0.6185393333435059,0.07706338912248611,-0.2992815673351288,-0.2844238877296448,-0.6695232391357422,-0.6308408975601196,-0.24294590950012207,-0.6025499701499939,-1.4106743335723877,-0.06076774746179581,0.22014762461185455,1.6499176025390625,-0.27547594904899597,-0.6440876126289368,0.599168598651886,-0.5084500312805176,-0.12402964383363724,0.8946506381034851,1.1063750982284546,-1.282099723815918,-0.0031025679782032967,-0.3302077054977417,-1.3777432441711426,0.9130674600601196,1.3878769874572754,0.4644048810005188,0.5768794417381287,1.7165669202804565,1.5002999305725098,0.03554367274045944,-1.7679466009140015,-0.5016440749168396,1.0641016960144043,0.12074510008096695,0.2686101794242859,0.17389236390590668,-0.5616947412490845,1.4251811504364014,0.42610403895378113,-0.8251169323921204,0.37465932965278625,1.2890843152999878,0.01633487641811371,-0.4917333424091339,0.0914887934923172,0.782538652420044,-0.22178740799427032,-0.2572471797466278,0.0621943399310112,0.3185947835445404,-0.7997713685035706,-0.7032439112663269,0.2626051902770996,0.17946785688400269,-0.051405906677246094,0.5049302577972412,0.3934922218322754,-0.4132826328277588,0.3686939775943756,0.4184565842151642,-0.02118534967303276,0.6524009108543396,0.07317198812961578,0.5227090120315552,0.10438413918018341,-0.6998261213302612,0.41439855098724365,0.26119813323020935,0.2525041103363037,0.47427308559417725,0.018483897671103477,0.3790917694568634,-0.5050224661827087,-0.22344765067100525,0.15659187734127045,-0.28590628504753113,0.3530195355415344,1.6001331806182861,0.8942437767982483,0.7192494869232178,-0.1416914463043213,-0.609817624092102,0.40901339054107666,-0.3263630270957947,-0.9070900678634644,0.2597814202308655,-0.3899550437927246,0.12217012792825699,-0.47501707077026367,0.3584882616996765,1.0314514636993408,0.06824156641960144,-0.838756799697876,0.13021816313266754,0.6208952069282532,-0.08798888325691223,0.6613149046897888,-0.7997521162033081,0.780979335308075,0.4768701493740082,-0.34692487120628357
0.07940589636564255,0.6007382273674011,0.11255841702222824,-0.3877287805080414,1.1208103895187378,0.11168267577886581,-0.03996006026864052,0.0804768055677414,0.20392169058322906,-1.3872411251068115,-0.13564682006835938,-0.031149964779615402,0.16085268557071686,-0.17882420122623444,0.19770120084285736,0.1104385033249855,-0.5404309630393982,0.9311063289642334,-0.3184165060520172,0.6719237565994263,0.8520592451095581,-0.07868287712335587,-0.10195176303386688,-1.6411839723587036,0.4106774628162384,0.3241910934448242,0.6968756914138794,-0.12711678445339203,-0.5354856252670288,0.4141213893890381,-0.9916523694992065,-1.1830419301986694,-1.3926016092300415,-1.5483784675598145,-0.22036561369895935,-0.09355572611093521,-0.445761114358902,0.311323881149292,0.3091021180152893,-0.2693573236465454,-0.9885745048522949,-0.07796857506036758,0.799350380897522,-1.1097140312194824,0.3221040964126587,-0.26172059774398804,-1.1534664630889893,0.18927451968193054,-0.4858861565589905,-0.6403927206993103,0.9897119402885437,0.7098867893218994,-0.5637214779853821,0.6859356760978699,0.05564238876104355,0.8245141506195068,0.24146392941474915,-1.5381234884262085,-0.0853719562292099,0.3525576889514923,-0.7869043946266174,0.829199492931366,0.09844635426998138,0.9274923205375671,0.14914244413375854,0.8072137236595154,-0.697304904460907,0.39384663105010986,1.1450774669647217,-0.20635336637496948,-0.26099324226379395,-0.6425955891609192,0.49257513880729675,0.3864414095878601,-1.4476262331008911,-0.016261154785752296,-0.6648359894752502,-0.3821758031845093,-0.7227688431739807,-0.4681934416294098,-1.6670104265213013,-0.30984410643577576,-0.3057163655757904,-1.041184425354004,-0.9878795146942139,1.0320308208465576,0.7958171963691711,-1.0421661138534546,-0.1291574388742447,-0.31993794441223145,-0.09732277691364288,-0.31641533970832825,0.8595806360244751,0.6093705296516418,0.46239450573921204,1.2395024299621582,-0.08416036516427994,0.006937106605619192,-0.4063858985900879,-0.7100327610969543,0.10770943015813828,-0.04332708567380905,-0.1474718302488327,0.6427338123321533,0.3864479959011078,0.9349704384803772,0.5442408919334412,-0.7303657531738281,-0.8425036072731018,-1.2527830600738525,-0.2329375147819519,-0.8617507219314575,0.5081112384796143,-0.051646068692207336,0.050064463168382645,0.4135934114456177,0.563086748123169,0.5302567481994629,0.303585022687912,-0.35660043358802795,0.3288384974002838,0.3185034990310669,0.2503000497817993,0.2503233850002289,-0.39639317989349365,-0.7065408229827881,0.771324872970581,0.6035576462745667
-0.03649447113275528,-0.06665991991758347,-0.20077981054782867,0.20383429527282715,-1.072882890701294,-0.1585192084312439,-0.3778870701789856,0.23021654784679413,-1.0190590620040894,0.39659571647644043,-0.03882798179984093,0.6228601932525635,-0.3787780702114105,0.8030941486358643,-0.3122546672821045,0.47501397132873535,-0.24399635195732117,0.7262315154075623,-0.11853198707103729,0.613824188709259,-0.38710471987724304,-0.45513826608657837,-0.07277478277683258,0.3154991567134857,0.15285617113113403,-0.6924179196357727,0.4806496798992157,-0.4223315715789795,-0.5723203420639038,-0.16506384313106537,-0.5021796822547913,-0.5294310450553894,0.1741899996995926,0.043300382792949677,-0.3114672303199768,-0.4547538757324219,-0.6598513722419739,0.07641466706991196,0.6829632520675659,0.13067634403705597,0.11269032955169678,-0.22360989451408386,-1.5093932151794434,0.9083194136619568,0.929293692111969,0.9799708724021912,-0.41433486342430115,-0.42488983273506165,0.7625744342803955,-1.1827315092086792,0.22064144909381866,0.3866291046142578,0.3220379650592804,0.1760864406824112,0.7362654805183411,0.590403139591217,0.41491320729255676,-0.1154819130897522,0.22328323125839233,0.07732649147510529,1.0475659370422363,0.2696978747844696,0.7216770648956299,0.2560165524482727,0.8314813375473022,0.35646259784698486,-0.4322754740715027,0.373557984828949,1.2313783168792725,0.7896583080291748,-0.5335108637809753,-1.2364014387130737,0.26523467898368835,0.25311288237571716,-0.4565611481666565,0.4744185209274292,-0.6941187977790833,-0.8564509749412537,-0.6030420660972595,-0.11983852833509445,-0.5313692688941956,-0.39902740716934204,-0.38516736030578613,-0.11482402682304382,-0.5212817788124084,-0.044784143567085266,0.09328605979681015,0.05863071233034134,0.9585408568382263,0.27848905324935913,1.300062894821167,-0.5329965353012085,-1.330629587173462,1.3306366205215454,0.5196689367294312,0.5690138936042786,-0.5649874806404114,0.20073167979717255,-0.13928496837615967,0.05155099555850029,-0.6910727620124817,-1.3300397396087646,0.8003543019294739,1.2533336877822876,1.4699456691741943,0.4336593747138977,1.2337733507156372,-0.7609248757362366,-0.3610974848270416,0.11149486154317856,-0.15769311785697937,-0.5470640659332275,-0.7095751166343689,-1.1354886293411255,0.681374728679657,1.3505144119262695,-0.8145076632499695,1.8989514112472534,0.570687472820282,-0.8934980034828186,0.8255337476730347,0.47985392808914185,-0.25176504254341125,1.7305572032928467,0.27637943625450134,1.2299814224243164,0.8178749680519104,0.6882296800613403
0.5605112910270691,1.3895491361618042,1.9202789068222046,-1.3768057823181152,-1.144281029701233,-0.6264263987541199,-1.0979673862457275,0.592825174331665,-0.12092095613479614,-0.6005968451499939,-0.22885172069072723,1.3523287773132324,-0.3388097584247589,-0.9106111526489258,0.9098518490791321,-0.65793776512146,0.17338919639587402,0.6156433820724487,-1.1871892213821411,0.6314280033111572,0.3184810280799866,-0.6271061897277832,-0.4463330805301666,-0.4225359559059143,0.03154296800494194,-0.011178099550306797,1.1233561038970947,-0.4301398992538452,-0.4986574053764343,0.2062043398618698,0.5231213569641113,0.014792874455451965,-1.4720290899276733,-0.2903735935688019,-0.26483163237571716,-1.0201075077056885,-0.08338987827301025,1.266871452331543,1.3658480644226074,-0.6661382913589478,-0.940538227558136,-0.2503470778465271,-0.5596672892570496,-0.1492176502943039,0.2087392508983612,0.2636183798313141,-0.35916951298713684,0.0440775491297245,0.8194831013679504,-1.0456995964050293,1.1167017221450806,0.31215885281562805,0.3133745491504669,1.161211371421814,0.24532905220985413,0.8083900809288025,0.04417051374912262,-0.6253966093063354,0.09078121185302734,0.7057590484619141,0.0492793433368206,0.7016786932945251,0.2714611291885376,0.5892117619514465,1.0950753688812256,0.6458551287651062,-0.9105764031410217,0.6849477887153625,0.5811658501625061,-0.3870715796947479,-0.3008650839328766,-0.8112184405326843,1.2431182861328125,-0.661554753780365,-0.6638521552085876,0.05749598890542984,-0.6793656349182129,-1.5560704469680786,-0.5346067547798157,-0.7187674641609192,-0.04145272821187973,0.1094803735613823,0.8604694604873657,0.11144401133060455,0.25436362624168396,0.5722010731697083,0.5849500894546509,-0.5656725168228149,-0.12482884526252747,0.06984958797693253,0.6974241733551025,-0.44606155157089233,-0.6834102272987366,0.6336493492126465,-0.41849133372306824,-0.2589068114757538,0.015129700303077698,0.2854856252670288,0.04590641334652901,0.30043092370033264,0.5930722951889038,-0.14898912608623505,0.5908708572387695,0.31053078174591064,1.0470746755599976,0.9733676910400391,-0.3225337862968445,0.8121529221534729,-0.2004101276397705,-0.27951693534851074,-0.16394482553005219,-0.5977085828781128,-0.1399654746055603,0.07359447330236435,0.018571479246020317,-0.3746272325515747,0.7203015089035034,0.15766306221485138,0.2748655378818512,-0.39730948209762573,-0.25245803594589233,0.7487753033638,-0.41794830560684204,0.11156093329191208,-0.5784175395965576,0.41397711634635925,0.2890365421772003,0.2310941219329834
0.5124651193618774,0.420547753572464,-0.025394251570105553,-1.047268033027649,-0.7542886734008789,0.3168356418609619,0.09816408157348633,0.6249197125434875,-0.8821228742599487,-1.0517470836639404,0.0028404430486261845,1.6599677801132202,-0.5791144967079163,-0.23222163319587708,0.6386617422103882,0.9067226052284241,-1.401607632637024,0.6555207967758179,-0.023502416908740997,0.6866276264190674,0.7599372863769531,0.33703160285949707,0.16426008939743042,-0.7491474747657776,-0.1794017106294632,-0.5657004714012146,0.22361621260643005,0.09262725710868835,-0.0040956949815154076,-0.19422076642513275,-1.0420844554901123,-1.3744852542877197,-0.9082406163215637,-1.2244964838027954,-0.4095817506313324,-0.5149902701377869,-0.3364400863647461,0.5497477054595947,0.13108739256858826,0.2727005183696747,-0.5485811829566956,0.1432068943977356,-0.5252619981765747,0.19840547442436218,0.09089697897434235,0.44354739785194397,-1.719670295715332,-0.47937241196632385,-0.15729042887687683,-1.076066493988037,0.885339617729187,1.3511801958084106,0.028768736869096756,0.8043836355209351,0.7235634922981262,0.40821269154548645,0.4989781975746155,-1.658036470413208,-0.8179027438163757,0.3340245187282562,0.16348594427108765,0.6639233827590942,0.3508537709712982,-0.34999266266822815,-0.28269559144973755,0.3476622700691223,-0.11096914857625961,0.6270747780799866,0.6752942204475403,0.20929400622844696,0.249690443277359,0.054071180522441864,0.2574366629123688,-0.027728725224733353,-0.44507986307144165,0.14459379017353058,0.3991028070449829,-0.07189296185970306,-0.6428517699241638,-0.22187155485153198,-0.18245536088943481,0.34450799226760864,-0.06079431250691414,-0.24538567662239075,-0.2175220251083374,-0.8007684946060181,0.2652524709701538,0.6144757866859436,0.6159722805023193,0.3968469202518463,0.7757814526557922,0.3450218737125397,0.0387900210916996,0.5237360000610352,1.205763578414917,0.9048840403556824,-0.4680904448032379,-0.1616627275943756,0.5261337161064148,-0.657044529914856,-0.3675033152103424,-0.584548830986023,-0.7395115494728088,0.5934297442436218,0.7761595845222473,0.5163482427597046,0.6133807301521301,-0.6711821556091309,-0.20262514054775238,-0.5358445048332214,0.5868358016014099,-0.9708844423294067,0.4810871481895447,-0.04580807313323021,0.5092065334320068,0.6372587084770203,-0.40417948365211487,1.4647616147994995,0.28088533878326416,-0.9805841445922852,1.0476306676864624,0.487082302570343,0.352313369512558,1.3095160722732544,-0.3170135021209717,0.32884925603866577,0.8585854768753052,-0.595048725605011
0.3125944137573242,0.6045661568641663,0.7244743704795837,0.5187743902206421,-0.7327491044998169,-0.23243777453899384,-0.10322104394435883,-0.14654991030693054,-0.043703243136405945,-0.1580263078212738,0.6841381788253784,-0.45505088567733765,-0.18877050280570984,0.05094459652900696,0.575326681137085,0.03537388890981674,-0.5592253804206848,0.9000167846679688,0.22535961866378784,0.861656665802002,0.09776584059000015,-0.8623958230018616,0.5593679547309875,0.26482099294662476,-0.1813235878944397,0.04210511967539787,0.8777400851249695,-1.304740309715271,-0.871953010559082,0.6081207990646362,-0.25741153955459595,0.2427026629447937,-0.2777755558490753,0.3238583505153656,-0.08883726596832275,-0.37808191776275635,0.030644278973340988,0.22977395355701447,0.9961258172988892,-0.44570207595825195,-0.016070298850536346,0.3296889364719391,-0.2067481130361557,0.5122328996658325,1.2075872421264648,0.6898141503334045,-0.4525766968727112,-0.5195475220680237,0.2921026647090912,-1.2409980297088623,0.6306029558181763,0.6604363918304443,-0.20226149260997772,-0.22387821972370148,0.29269495606422424,1.1039754152297974,-0.41700318455696106,-1.0634804964065552,0.27204474806785583,0.402241051197052,0.00629289448261261,-0.03629809617996216,0.394320547580719,0.2717518210411072,0.8802386522293091,1.4273098707199097,-0.18377643823623657,0.5170562267303467,1.0446720123291016,-0.46941423416137695,-0.3619612455368042,-0.1935497224330902,0.11295205354690552,0.28593599796295166,-0.8036022186279297,-0.10833790898323059,-0.6119523644447327,-1.0541777610778809,-0.3007088899612427,-0.7277803421020508,-0.6236973404884338,-0.18373914062976837,0.38114503026008606,-0.023340607061982155,-0.1992996633052826,0.9355872869491577,0.30891215801239014,-1.0442166328430176,0.55409836769104,0.36725857853889465,1.138778567314148,-0.2365640252828598,-0.20029082894325256,1.062416672706604,-0.3079085946083069,0.7408193945884705,-0.9855942726135254,-0.06838051974773407,-0.3164798617362976,0.3294695317745209,-0.15931247174739838,-0.8384522795677185,1.228289246559143,0.5056284070014954,1.2087076902389526,0.9227092862129211,1.2218525409698486,-0.6610955595970154,-1.0113757848739624,-0.3348250091075897,-0.9851253628730774,-0.7238876223564148,-0.6180407404899597,-0.6222137808799744,0.4916803240776062,0.562004029750824,-0.3639357089996338,0.5767832398414612,0.1142122820019722,-0.2817505896091461,0.25221288204193115,0.3408774435520172,-0.031667210161685944,1.0237737894058228,-0.08113938570022583,0.883682131767273,-0.15854065120220184,1.687218427658081
0.6565567851066589,1.4330164194107056,1.598494052886963,-1.273680329322815,-0.9067116975784302,-0.554706335067749,-1.156456708908081,0.6079766750335693,-0.6043035984039307,-1.1251760721206665,-0.7537482976913452,1.4249285459518433,-0.17083191871643066,0.43153470754623413,0.11630897969007492,0.4724076986312866,0.4262157380580902,0.8239428400993347,-0.8250245451927185,0.8750629425048828,-0.10190581530332565,-0.3553285300731659,-0.571790337562561,-1.5879734754562378,0.3105947971343994,-0.32649484276771545,0.4836962819099426,0.043116625398397446,-0.2626902461051941,-0.10477927327156067,-0.4541303217411041,-0.5525999665260315,-0.839269757270813,-0.40307822823524475,-0.8513457775115967,-0.39206385612487793,0.3197965621948242,0.20934444665908813,0.7539212703704834,-0.5408130288124084,-0.7491820454597473,-0.26410600543022156,-0.932315468788147,-0.5504148006439209,-0.05158036947250366,0.21187783777713776,0.029609108343720436,-0.22096137702465057,0.42010635137557983,-0.7953200936317444,0.13446736335754395,0.7317669987678528,0.24412599205970764,0.6618096828460693,0.9606785178184509,0.4001724421977997,0.5693941712379456,-0.9515197277069092,0.6211504936218262,0.4817722737789154,-0.14519010484218597,0.635380744934082,-0.27758827805519104,-0.05110085383057594,0.8765798211097717,0.30099642276763916,-0.11584451049566269,0.6115888357162476,0.18200185894966125,0.4031883776187897,0.2632736265659332,-0.9776742458343506,0.9039790034294128,-0.5046515464782715,-0.2620181441307068,0.614261269569397,-0.6639358401298523,-0.45818597078323364,-0.4606103003025055,-0.06469240039587021,-0.6419561505317688,-0.18474243581295013,-0.042824551463127136,-0.42272621393203735,-0.6713966131210327,0.4758799076080322,0.5775353312492371,-0.12474220991134644,0.07739559561014175,-0.3084753155708313,0.23531340062618256,-0.5384244918823242,-0.7255739569664001,0.6252647638320923,0.020381907001137733,-0.14187192916870117,-0.0822209045290947,0.48470863699913025,-0.2833581268787384,-0.25482434034347534,0.19925187528133392,0.1041124165058136,0.09482722729444504,0.4205130934715271,1.066166639328003,0.40650495886802673,-0.1851060688495636,-0.19575472176074982,-0.6306890249252319,-0.05097439885139465,0.37467125058174133,-0.11333265155553818,0.28357216715812683,-0.5310540795326233,-0.5512063503265381,0.2873447835445404,0.3401978015899658,0.8342826962471008,0.056237976998090744,-0.9656180143356323,0.2689495086669922,-0.0160131324082613,0.36928635835647583,0.6652674674987793,-0.42624056339263916,0.5687587261199951,1.0230988264083862,-0.46546515822410583
-0.3513983190059662,1.1118524074554443,0.4521862268447876,-0.9972221255302429,-0.3796828091144562,-0.04104168713092804,-0.031182384118437767,0.33874696493148804,-0.7339595556259155,-0.4512161910533905,-0.23174889385700226,1.1502422094345093,-0.6281718611717224,-0.326203852891922,0.6429205536842346,-0.3074939250946045,-0.43953555822372437,0.21052241325378418,-0.5602779388427734,1.5399516820907593,1.2702085971832275,-0.029913384467363358,-0.4067913293838501,0.032249726355075836,0.02856847085058689,-0.0177825465798378,0.3141242265701294,-0.18277490139007568,-0.9240744709968567,0.7452138662338257,-0.9284175038337708,-0.811977744102478,-0.8377009034156799,-0.9312092661857605,-0.015203126706182957,-0.6119500994682312,-0.7431357502937317,0.8497796654701233,0.5533340573310852,0.30789968371391296,-0.7649587988853455,0.032626841217279434,0.001756694633513689,-0.6097100377082825,0.43370717763900757,-0.1225334033370018,-1.5573294162750244,0.2658928632736206,0.13528484106063843,-1.0558958053588867,1.2722480297088623,0.282443642616272,0.20439022779464722,0.9528728127479553,-0.10702100396156311,0.4139845073223114,0.7723145484924316,-0.5093789100646973,-0.635333776473999,0.7151364088058472,0.6198920607566833,0.1250140517950058,0.6351234912872314,0.42080923914909363,-0.060991622507572174,0.64350426197052,-0.31918519735336304,0.057490427047014236,1.0335783958435059,-0.23944024741649628,-0.7094305157661438,-0.4898870289325714,0.17020359635353088,-0.19336405396461487,-0.8798168897628784,-0.14843106269836426,0.5246023535728455,-0.9095743298530579,-0.4663582444190979,-0.09663344919681549,-1.1708396673202515,0.4929867088794708,-0.1267806440591812,-0.21613167226314545,-0.7592495083808899,-0.35640251636505127,-0.05469368025660515,-0.3625127375125885,0.2579270303249359,0.3174554109573364,0.5501834154129028,-0.2417275756597519,-0.7135725617408752,0.6669672131538391,0.9707392454147339,0.4446536600589752,-0.05927956849336624,-0.11272276937961578,0.11255064606666565,-0.1264549046754837,-0.6288762092590332,-0.05642449110746384,0.08485320955514908,0.9535384178161621,0.9309876561164856,1.1209206581115723,1.2246623039245605,-0.32876157760620117,-0.1951146274805069,-0.09529461711645126,-0.41107869148254395,-1.0669161081314087,-0.6255490183830261,-0.36111751198768616,0.8675527572631836,0.02365180291235447,0.2680111229419708,0.33446285128593445,0.3822582960128784,-0.0570722371339798,0.3754751682281494,1.314969539642334,0.7393800616264343,0.2423386126756668,0.036097798496484756,0.6104898452758789,1.2670568227767944,0.8493553400039673
-0.07186587899923325,-0.31346219778060913,0.009234435856342316,-0.3045009672641754,-0.09699761867523193,-0.166425421833992,-0.5495177507400513,-0.014268889091908932,-0.022695528343319893,-0.8820485472679138,-0.3146599531173706,0.09971021115779877,-0.12902021408081055,-1.0612938404083252,0.8812716603279114,0.4766620993614197,-0.29485511779785156,0.8439067006111145,-0.7630465626716614,-0.2198018729686737,0.0412776879966259,0.15394042432308197,0.04871770739555359,-0.897975504398346,0.33798813819885254,0.20806096494197845,0.025631703436374664,-0.2078639715909958,-0.1859455108642578,-0.3449505567550659,-0.687544047832489,-0.07667626440525055,-1.1939043998718262,-0.2686440348625183,-0.8230262994766235,-0.6732710599899292,-0.555959165096283,0.9274106025695801,1.0588293075561523,-0.3530243933200836,-0.9778547883033752,0.8688240051269531,0.06403300166130066,-0.08924475312232971,0.8208256959915161,0.007949884980916977,-0.17824901640415192,0.27462536096572876,-0.6112551689147949,-1.0062426328659058,1.0346736907958984,1.4843039512634277,0.23300720751285553,0.16303497552871704,0.6126939654350281,1.1987069845199585,-0.41152578592300415,-1.5918017625808716,0.4417741298675537,0.4375942647457123,-0.5129101872444153,0.6255112886428833,0.4618549942970276,0.491979718208313,0.5033963322639465,0.24408955872058868,-0.953467607498169,1.272534966468811,0.6154602766036987,0.014880518428981304,-0.8335843682289124,-0.2663869559764862,0.8135349154472351,0.7528625726699829,-0.7853745222091675,0.4360373020172119,-0.8228316307067871,-0.6234207153320312,-1.1837022304534912,-1.1341273784637451,-0.2503095865249634,0.10011518001556396,-0.07799132913351059,-1.0417571067810059,-0.5378492474555969,0.5731799602508545,0.9856331944465637,-0.5526041984558105,0.3509112000465393,-0.5052608847618103,0.3870512843132019,0.30009081959724426,0.3091936409473419,-0.26563212275505066,-0.6547838449478149,1.4232791662216187,0.08462420850992203,-0.11913145333528519,0.5844284296035767,-0.3169618248939514,0.050756487995386124,-0.20230425894260406,0.712705135345459,0.45731019973754883,1.1231709718704224,0.8425154089927673,1.0370569229125977,-0.04313759133219719,-0.9369282126426697,-0.6232900619506836,-0.25843939185142517,-0.778194785118103,0.4931049942970276,-0.31307318806648254,0.36983028054237366,0.34637340903282166,0.2464423030614853,1.4421117305755615,0.31971144676208496,-0.5769990682601929,-0.07057734578847885,0.022873764857649803,-0.6960552334785461,0.935493528842926,-0.20154127478599548,-0.17591671645641327,0.20590949058532715,0.5043677687644958
1.559255599975586,0.9542612433433533,0.5865603089332581,-0.5297093391418457,-0.6231160759925842,-1.1010665893554688,-0.222540482878685,0.2550031542778015,-0.8583518862724304,-0.06883111596107483,-0.8976301550865173,0.7702415585517883,-0.4194784164428711,1.1655254364013672,0.8526976704597473,0.33021295070648193,0.11671116203069687,1.014037847518921,-0.33566731214523315,-0.21389009058475494,0.3212888836860657,-0.4079241156578064,-0.051906220614910126,-0.8794743418693542,-0.1544857621192932,-0.9657580852508545,1.4951952695846558,-0.8040660619735718,-0.5485589504241943,0.02020079642534256,-0.3911125957965851,-1.3555012941360474,0.23037683963775635,-0.4440106451511383,-0.2534774839878082,0.6875075697898865,-0.449552983045578,0.5748290419578552,0.6639350056648254,-0.9980220198631287,0.06483562290668488,-0.2554492652416229,-0.5632489323616028,0.021833378821611404,1.2937393188476562,1.2504273653030396,-0.17419692873954773,0.3119414448738098,0.34150996804237366,-0.2532993257045746,1.1831215620040894,0.24687907099723816,-0.09030164778232574,0.6058392524719238,0.19595877826213837,0.8393332958221436,0.38923513889312744,0.26231345534324646,-0.874121904373169,0.08049216866493225,0.13995467126369476,0.5976526141166687,0.040699686855077744,0.9115983247756958,0.8703543543815613,0.14855466783046722,-0.9635006785392761,-0.3238621950149536,1.5223796367645264,0.06938515603542328,-1.2023561000823975,-1.2044569253921509,0.3799147605895996,0.3574761748313904,0.023378930985927582,-0.19275081157684326,-0.5739312767982483,-0.232656791806221,0.10485634207725525,-0.058453261852264404,-1.315237045288086,-1.3946723937988281,-0.8075483441352844,-0.10853404551744461,-0.3693160116672516,1.728244423866272,0.6499292850494385,-1.0571422576904297,-0.7551214098930359,-0.7358988523483276,0.302420973777771,0.23044899106025696,0.6377243399620056,1.101208209991455,0.24423103034496307,0.4672858715057373,-0.025146087631583214,0.09945747256278992,-0.3928539752960205,-1.0341551303863525,0.13221107423305511,-1.595438838005066,0.4586990773677826,0.7672669887542725,0.10567627102136612,0.4401323199272156,0.7507468461990356,-1.240474820137024,-0.09174288809299469,-0.8771998882293701,-0.5533092021942139,-0.04796082526445389,-0.2899957001209259,-0.0889764353632927,0.6467148065567017,1.0485553741455078,-0.5723094940185547,-0.15314806997776031,-0.002797372406348586,-0.1865607649087906,-0.3246123790740967,0.40384387969970703,0.11632293462753296,0.4020572602748871,-0.2060314267873764,0.7823473811149597,-0.5738516449928284,0.7419030666351318
1.4079536199569702,1.1442075967788696,1.4772841930389404,-0.929863452911377,-1.0554461479187012,-0.5716263055801392,-8.796496695140377e-05,0.6759721040725708,0.12479520589113235,-0.9923595786094666,-0.668727457523346,0.21826417744159698,-0.2682912051677704,-0.07158560305833817,0.5861209034919739,-0.07692304253578186,1.0274577140808105,0.44848790764808655,-0.35954660177230835,0.2979739308357239,-0.12928089499473572,-0.5411173701286316,-0.1519451141357422,-0.6374883055686951,-0.41509678959846497,0.8836734890937805,0.8946576118469238,-0.14352184534072876,-0.4482031464576721,0.04208667576313019,-0.5281080007553101,0.017742453143000603,-0.260638952255249,-0.6591331958770752,-0.5091432929039001,0.31947314739227295,0.5391808152198792,0.4604010283946991,-0.2825935184955597,-0.3132016360759735,-1.2551466226577759,0.24943876266479492,0.11160362511873245,0.15353679656982422,0.1250959187746048,-0.07870195806026459,0.1048026904463768,-0.7469114065170288,-0.050172872841358185,-0.17657344043254852,1.11593759059906,0.4021286070346832,0.057136379182338715,0.10558856278657913,0.6573590636253357,0.2981577217578888,0.591231644153595,-1.310677409172058,-0.7223297953605652,0.42134392261505127,-0.5798365473747253,0.44080662727355957,0.911275327205658,0.04730628430843353,0.06920931488275528,0.28656333684921265,-0.2997925877571106,0.5285026431083679,0.587422251701355,0.003917516674846411,-1.3453510999679565,-0.8188795447349548,-0.4307895302772522,1.5901719331741333,-1.060258388519287,-1.0799922943115234,-0.3475222587585449,-0.34584811329841614,-0.22806863486766815,-0.5802925229072571,-0.9943199753761292,-0.7702542543411255,-0.8178085088729858,-0.15755395591259003,0.028409196063876152,0.07645253837108612,0.42751625180244446,-0.6954849362373352,0.2368508279323578,-0.06389857828617096,0.0367465615272522,-0.6070388555526733,0.2702346742153168,0.9792265295982361,-0.4923413395881653,1.1935560703277588,-0.5484480261802673,0.047894176095724106,-0.5201027393341064,-0.8324208855628967,-0.7356926798820496,-0.8494002223014832,0.4510177969932556,1.0573396682739258,1.041508436203003,0.7490211725234985,1.2811821699142456,-0.9628366231918335,-0.2391493171453476,-1.0356502532958984,-0.8122236728668213,-0.7596891522407532,-0.5598605275154114,-0.2588450312614441,0.9928781390190125,0.3401048481464386,-1.0809510946273804,0.7023453116416931,1.4714800119400024,-0.6653034090995789,0.8406119346618652,-0.35977643728256226,0.4225320816040039,1.5270226001739502,0.22978249192237854,0.5674576759338379,0.27429845929145813,0.9562455415725708
1.2398853302001953,0.3834803104400635,-0.2504851222038269,-0.4672579765319824,-0.9033489227294922,-0.4887663424015045,-0.46506595611572266,0.3255530297756195,-1.2194291353225708,-0.6690365672111511,-0.6509299278259277,1.3053152561187744,-0.3702503442764282,0.5477631092071533,1.620161533355713,0.9107363820075989,0.06527204811573029,0.23768985271453857,-0.6889589428901672,-0.6943077445030212,0.09454841166734695,-0.13294580578804016,0.05329190567135811,-0.6734903454780579,0.13698889315128326,-0.8873252868652344,0.7114125490188599,0.14486829936504364,-0.32366085052490234,0.15225481986999512,-0.40883827209472656,-0.5543767809867859,-0.9644944071769714,-0.8359591960906982,-0.5865787267684937,-0.3002302348613739,-0.5216332077980042,0.7108219861984253,1.0570032596588135,-1.2263410091400146,-0.34407487511634827,0.4746803045272827,-0.6992425322532654,0.4551357328891754,1.5921375751495361,0.09273771196603775,0.0022767262998968363,0.5332820415496826,-1.0940202474594116,-0.0975346565246582,1.122926950454712,1.2115586996078491,0.11110981553792953,0.61171954870224,0.43254193663597107,1.5322532653808594,0.36275795102119446,-0.08777117729187012,-0.3818877339363098,-0.168463334441185,-0.5077886581420898,0.09607655555009842,-0.09957670420408249,0.9523749351501465,0.7111448049545288,0.31447720527648926,-0.10953980684280396,0.023323284462094307,0.7554181814193726,0.06635243445634842,-1.0504610538482666,-1.3694318532943726,0.04291155934333801,0.3025692105293274,-0.7843738794326782,-0.06699071079492569,-0.5809993147850037,0.12409348040819168,-0.598941445350647,0.16953986883163452,-1.3675798177719116,-0.38437578082084656,-1.0715545415878296,-0.10571172088384628,-0.3918784260749817,1.5376348495483398,0.18700358271598816,-0.29163047671318054,-0.13555511832237244,-0.8442504405975342,0.17157256603240967,0.061136454343795776,0.6882861852645874,0.9960330724716187,-0.24231956899166107,0.9397345185279846,-0.16573810577392578,-0.3325551748275757,0.506777822971344,-0.4485180675983429,0.058662690222263336,-0.7729370594024658,0.6838915348052979,0.5638538599014282,0.12037193030118942,0.9311083555221558,0.7095651030540466,-1.3150701522827148,-0.4963064193725586,-1.0199366807937622,0.1728431135416031,0.17468956112861633,0.20829062163829803,-0.22357267141342163,0.4044944941997528,0.766588568687439,-0.36487123370170593,0.4712105095386505,0.3825463652610779,-0.39958953857421875,-0.20816101133823395,0.5437088012695312,-0.2194383591413498,0.5119584202766418,-0.26976892352104187,0.7433499097824097,0.06359095126390457,0.44444525241851807
0.6290746927261353,2.193934917449951,0.9958391785621643,-0.9602785110473633,-0.7374634742736816,-0.33003902435302734,-0.5864447951316833,0.7493187785148621,-1.3459885120391846,-0.8569706082344055,0.1062558963894844,1.2407732009887695,-0.8020509481430054,-0.4370897114276886,0.5714744925498962,0.47800928354263306,-0.5615220665931702,1.2719663381576538,-0.7370178699493408,1.8089799880981445,0.18599633872509003,-0.6710633039474487,0.21565526723861694,-1.3156651258468628,-0.2002226859331131,-0.8697460293769836,0.9548332095146179,-1.2441502809524536,-1.267364501953125,-0.17056804895401,-0.976040780544281,-1.2992362976074219,0.10447470843791962,-0.2975718080997467,-0.2230473905801773,-0.8669871091842651,-0.5192107558250427,0.0853615552186966,1.2599228620529175,0.47812744975090027,-0.4294791519641876,0.37542495131492615,-0.01674608699977398,-0.3922570049762726,0.391027569770813,0.7139800786972046,-0.6238595247268677,-0.5900213718414307,0.6045082807540894,-1.130515456199646,0.15784119069576263,0.36587026715278625,0.4535812437534332,0.07706859707832336,0.4951925575733185,0.42238304018974304,-0.2889562249183655,-0.48646676540374756,0.5440775752067566,0.7665353417396545,0.739000678062439,-0.0027543618343770504,0.47050827741622925,0.049289505928754807,0.6891415119171143,0.2539159655570984,-0.6948056817054749,0.9125032424926758,0.3987499177455902,-0.32208800315856934,-0.10437139123678207,0.30978384613990784,0.7136608362197876,-0.6321694254875183,0.2092948853969574,-0.0302475243806839,-0.19242525100708008,-0.8383626341819763,-0.5189902186393738,0.0800781175494194,0.1648622304201126,0.3811168968677521,0.8006805181503296,-0.6967872381210327,-0.7444036602973938,-0.2629602253437042,0.45583921670913696,-0.26240429282188416,0.7133356928825378,-0.16658231616020203,1.0232810974121094,-0.10267015546560287,-0.6412093043327332,0.13509583473205566,0.9280087947845459,0.3596983551979065,0.009183406829833984,0.09768816083669662,0.42497518658638,-0.013173959217965603,0.24396874010562897,-0.14165891706943512,0.14150765538215637,0.21096132695674896,1.3674192428588867,-0.13543054461479187,0.6978985667228699,0.16695928573608398,-0.16524146497249603,0.654938280582428,-0.11069826036691666,-0.7523099780082703,0.015892326831817627,-0.553435742855072,-0.10976467281579971,0.08576871454715729,0.044066570699214935,1.4508973360061646,-0.14794352650642395,-0.2089148610830307,0.2816597521305084,0.9541488885879517,0.16636143624782562,0.6722905039787292,-0.5714113116264343,-0.043254368007183075,0.5437050461769104,0.23705410957336426
1.4560985565185547,0.48014548420906067,0.3772086799144745,-0.49042025208473206,-0.5324530601501465,-0.9096539616584778,-0.0618295818567276,-0.2603670060634613,-1.1044857501983643,-0.9286783933639526,-0.41328632831573486,0.8205916285514832,-0.5397340059280396,0.8130330443382263,0.8786529898643494,0.39365971088409424,0.20787593722343445,0.6862820982933044,0.024990558624267578,0.31678506731987,-0.024892054498195648,-0.2688298523426056,0.23714807629585266,-0.7779456377029419,-0.21606051921844482,0.10517525672912598,0.7740001678466797,-0.5965781211853027,0.09143390506505966,-0.08371596038341522,-0.8234934210777283,-1.0165011882781982,0.1613484025001526,-0.4153284430503845,-0.6003417372703552,0.4194110333919525,0.052346955984830856,1.2036254405975342,0.6389874815940857,-0.20643265545368195,-0.7342711687088013,0.06629829108715057,0.0185250174254179,0.24972476065158844,0.9666311740875244,0.5511234402656555,0.009037373587489128,-0.11042211204767227,0.1797262579202652,-0.9309893250465393,1.0184434652328491,0.554995596408844,0.013738181442022324,0.5924667119979858,0.6827312111854553,0.1023755893111229,0.39568278193473816,-0.9332288503646851,-0.8060712814331055,0.987721860408783,-0.13155026733875275,0.9818549752235413,0.8399879336357117,0.5826289057731628,0.8119584321975708,0.2102031707763672,-0.6925428509712219,0.1329347938299179,1.367897629737854,-0.5711809992790222,-0.7004508376121521,-0.22954179346561432,0.43430477380752563,0.9984863996505737,-0.6339375972747803,-1.0430999994277954,0.17182934284210205,0.051335662603378296,-0.0600949227809906,-0.2547646462917328,-0.05118262395262718,-0.9453021883964539,-0.6093270778656006,-0.05774735286831856,-0.1628222018480301,0.32498857378959656,0.5281336903572083,-0.6251859068870544,-0.23244401812553406,-0.3492067754268646,-0.3648518919944763,0.47471657395362854,0.4254523813724518,0.20813193917274475,-0.14861807227134705,0.8307162523269653,0.46563461422920227,0.3247474730014801,0.23040367662906647,-1.2756356000900269,0.1335274875164032,-1.5534173250198364,-0.04301466792821884,0.19099701941013336,1.2497590780258179,0.45482686161994934,1.3348870277404785,-0.5124691128730774,0.46821391582489014,-1.0839837789535522,-0.38998544216156006,-0.983285665512085,-0.4149865508079529,-0.11627981811761856,0.7296462059020996,0.49320605397224426,-0.7254410982131958,0.7949594855308533,1.0016051530838013,-0.9527698755264282,0.26360341906547546,0.2979559898376465,0.240775004029274,0.9350366592407227,0.08582620322704315,0.833894670009613,0.10313888639211655,1.0444835424423218
0.7581390142440796,1.3425863981246948,0.34089189767837524,-0.3588123321533203,-0.1500256061553955,-0.3360063433647156,-0.4312489330768585,0.31489139795303345,-0.20294953882694244,-0.28526243567466736,-0.569453239440918,0.16284248232841492,-0.04152456298470497,-0.5917348265647888,1.1911205053329468,0.916170060634613,0.19063366949558258,0.817660927772522,-0.7416984438896179,0.04789787903428078,0.2326701581478119,-0.5185645222663879,0.3432551324367523,-1.3871722221374512,-0.008259976282715797,-0.8048717379570007,1.0604753494262695,-0.7045342922210693,-0.5522233247756958,-0.16937077045440674,-0.6745590567588806,-1.1130270957946777,-0.2307262420654297,-0.5399649143218994,-0.9204408526420593,0.4489351511001587,0.07234834134578705,0.24677610397338867,0.5508762001991272,-0.13037529587745667,-0.6360204219818115,0.2747151255607605,0.030086372047662735,-0.3783618211746216,0.17160120606422424,-0.027617476880550385,-0.5272908210754395,-0.5630701780319214,-0.8182401061058044,-0.016365423798561096,0.7440441250801086,0.6197251081466675,0.2610841691493988,0.26633623242378235,0.05826304480433464,1.1626486778259277,0.0862797200679779,-0.597771942615509,-1.125972032546997,-0.2591252624988556,-0.28521236777305603,-0.18549038469791412,0.10439649969339371,0.09548960626125336,-0.35311582684516907,0.39941737055778503,-0.3580828905105591,0.1620793491601944,0.8978196382522583,0.551270067691803,-1.5617148876190186,-0.37461531162261963,0.1156279519200325,0.6317007541656494,-0.17371302843093872,-0.38109803199768066,-0.7849023342132568,-0.7741402983665466,-0.6551172137260437,-0.031290993094444275,-1.4315992593765259,-0.9958382248878479,-0.1511767953634262,-0.9697949290275574,-0.8794299960136414,0.690984845161438,0.7153017520904541,-0.84027099609375,-0.22554649412631989,-0.6772063970565796,1.0472825765609741,-0.2665485441684723,0.7816362380981445,0.9611973166465759,0.25878238677978516,1.6461502313613892,-1.0238398313522339,0.08138882368803024,-0.009536463767290115,-0.22993235290050507,-0.561699390411377,-0.16711550951004028,0.04133514687418938,1.158207893371582,0.43646323680877686,1.120270848274231,1.2953776121139526,-1.0119866132736206,-1.1298950910568237,-0.09881964325904846,-0.664629340171814,-0.3696596026420593,0.11787283420562744,-0.31183087825775146,0.7161144018173218,0.42763572931289673,-0.5847748517990112,0.15376803278923035,0.13038070499897003,-0.6922376751899719,-0.30505630373954773,0.038285739719867706,0.08219053596258163,0.659570038318634,-0.22034582495689392,0.2061164677143097,-0.1634051650762558,0.7174577116966248
0.3630213439464569,0.7330249547958374,1.2782154083251953,-0.8116704821586609,-0.7960876226425171,-0.4460943639278412,-0.6707562804222107,1.1492007970809937,-0.961097002029419,-1.650081992149353,-0.41739606857299805,1.5277462005615234,-0.8181668519973755,-0.9779307246208191,1.262963056564331,-0.1311108022928238,-0.9111403226852417,1.143836259841919,-1.4249037504196167,1.2363358736038208,1.0778770446777344,0.7946620583534241,0.19733111560344696,-1.1770275831222534,-0.39090797305107117,-0.045740410685539246,0.34561094641685486,-0.4273749589920044,-0.921211302280426,-0.22433589398860931,-1.1252788305282593,-1.031502366065979,-1.080652117729187,-0.5893799662590027,0.8785017132759094,-1.0123237371444702,-0.6605780720710754,-0.22332261502742767,0.35603976249694824,-0.5783505439758301,-0.04973027855157852,0.2586333751678467,0.18347646296024323,-0.3414086103439331,0.13936690986156464,0.6206469535827637,-0.8419755101203918,0.6945663690567017,-0.10865841060876846,-0.7146209478378296,1.138447642326355,1.2994424104690552,-0.40907442569732666,0.37809833884239197,0.7088636755943298,0.2856329679489136,0.21869231760501862,-0.9443045258522034,0.9302083849906921,-0.0022399071604013443,0.17844612896442413,0.07354576885700226,-0.1590798944234848,0.28920814394950867,0.3219602406024933,0.8719621300697327,-0.4072490632534027,0.3370319902896881,0.7432708740234375,0.4396253824234009,-0.0930364802479744,-0.5811903476715088,0.13673067092895508,-0.3671177923679352,-1.1300218105316162,0.9783385396003723,-0.2380215972661972,-0.0071828425861895084,-0.5915343165397644,-0.6396549940109253,-0.806165337562561,0.817229151725769,-0.7122538089752197,0.2598757743835449,-0.04004203900694847,0.5208321809768677,0.5680438280105591,-0.4490668475627899,0.07607224583625793,0.4382467269897461,-0.44707804918289185,-0.7757810950279236,-0.34779682755470276,0.38835594058036804,0.2551482617855072,0.46631312370300293,0.304747074842453,-0.5146419405937195,-0.0981673151254654,0.28139859437942505,-0.4562393128871918,0.22969728708267212,-0.2659328579902649,0.47921544313430786,0.30645886063575745,0.6645818948745728,0.12105447798967361,-0.2497895210981369,-0.6145257353782654,-0.5445674061775208,0.10854270309209824,-0.9089111089706421,-0.19604866206645966,-0.8805837035179138,0.20878750085830688,0.18354284763336182,0.2846178710460663,0.9548124074935913,-0.08641751110553741,0.35340073704719543,0.19563324749469757,0.279782772064209,0.369971364736557,0.7161065936088562,0.3744524419307709,-0.1835896223783493,0.7506206035614014,-0.2304578274488449
1.7989088296890259,1.4896022081375122,0.3862571120262146,-1.0215559005737305,-1.1421172618865967,-0.8853282928466797,0.09249399602413177,0.5274358987808228,-1.3437248468399048,-0.27745652198791504,-0.8568118810653687,1.1247838735580444,-0.9491428732872009,0.2883583605289459,0.9204542636871338,0.45265474915504456,0.3518938720226288,0.1740291714668274,0.04293017461895943,0.05959753319621086,-0.727774441242218,-1.2119351625442505,-0.16086958348751068,-0.30122843384742737,-0.4856056571006775,-0.40216249227523804,1.2386703491210938,-0.5577166080474854,-0.6189236640930176,0.22598274052143097,-0.6362074017524719,-0.17803318798542023,0.3022283911705017,-0.2305241823196411,-0.7772558927536011,-0.028006665408611298,-0.35514527559280396,0.5939763784408569,0.8092417120933533,-0.6031070351600647,-0.2421126663684845,0.12976793944835663,-0.2573581039905548,0.6659602522850037,1.685918927192688,0.2621740400791168,-0.1562144011259079,0.0115278335288167,-0.3922782242298126,-0.7213091254234314,1.150593876838684,0.390305757522583,0.5454795956611633,0.03186902776360512,0.5911709070205688,0.8984571099281311,0.30370238423347473,-0.5857099890708923,-0.6972848773002625,1.3185969591140747,0.138283371925354,0.8322651386260986,0.5969217419624329,0.30662450194358826,0.51214200258255,-0.4293903708457947,-0.33432862162590027,0.5255751609802246,0.7843720316886902,-0.3810499906539917,-1.023187518119812,-0.4439743161201477,0.1625036746263504,1.0529029369354248,-0.021439798176288605,-0.9457502365112305,-0.2680322229862213,-0.05806555598974228,-0.443484365940094,0.5577779412269592,0.14546264708042145,-0.7048996090888977,-0.12503394484519958,-0.16780716180801392,-0.0630708858370781,0.5999279022216797,0.11763555556535721,-0.24807237088680267,0.6027434468269348,-0.9458041787147522,-0.022642087191343307,0.4341016709804535,0.5661146640777588,0.620858371257782,-0.38989976048469543,0.8805203437805176,0.10814936459064484,0.03557715564966202,0.7103685140609741,-1.5217450857162476,0.0926985889673233,-1.6019669771194458,1.0076898336410522,0.31384724378585815,1.3125561475753784,-0.06498207151889801,1.5016748905181885,-0.8226966857910156,0.2633732259273529,-0.739622950553894,-0.5466054677963257,-0.2404262274503708,-0.21201428771018982,0.17813928425312042,0.5232882499694824,0.18454907834529877,-0.6855522394180298,1.0463522672653198,0.799436628818512,-0.04310363531112671,0.219745472073555,0.5171751976013184,-0.6097756624221802,1.1918141841888428,-0.514476478099823,0.4657588005065918,0.33701184391975403,0.7504362463951111
1.1843982934951782,1.5150169134140015,0.9020382165908813,-0.7400348782539368,-0.43926572799682617,-0.6994567513465881,-0.4864095151424408,-0.37499576807022095,-1.097898244857788,-1.9108890295028687,0.07734110951423645,0.3376171588897705,-0.32494664192199707,0.4973014295101166,1.6688774824142456,0.4600040018558502,0.527716338634491,0.8593240976333618,-1.3005863428115845,0.6556227207183838,-0.29083746671676636,0.029089966788887978,0.07332273572683334,-1.8327659368515015,0.07830491662025452,-0.01668715663254261,0.836539089679718,-1.33915114402771,-0.522875189781189,-0.07222342491149902,-1.2498267889022827,-1.4815086126327515,-0.11528366804122925,-0.17638090252876282,-0.565337598323822,-0.3955581784248352,-0.018160706385970116,0.28088533878326416,0.5317641496658325,-0.3807518780231476,-1.0026775598526,0.834518313407898,0.378510981798172,-0.02749275043606758,0.20163854956626892,0.7579238414764404,0.32427752017974854,-0.26020047068595886,-0.19455569982528687,0.06392812728881836,0.5388208031654358,0.1940423995256424,0.6940816044807434,-0.14317698776721954,0.671625554561615,0.5210184454917908,0.18640674650669098,-0.14898622035980225,-0.7652148008346558,0.25040045380592346,-0.5367370247840881,-0.3951895236968994,0.552027702331543,0.32119524478912354,0.9072112441062927,0.21159112453460693,-0.7337921261787415,0.1871434599161148,0.49181726574897766,-0.18725837767124176,-1.2507922649383545,-0.12379344552755356,-0.10422847419977188,0.3032456338405609,-0.1763351410627365,-0.807070255279541,-0.06595263630151749,-0.4874509871006012,0.42688778042793274,0.10543260723352432,-0.35828548669815063,-0.7243291139602661,0.09081210941076279,-0.31851765513420105,-0.9320924878120422,0.9265599250793457,0.532261073589325,-0.9825068116188049,0.12297102808952332,-0.3391615152359009,0.4137447476387024,0.27523142099380493,0.001971130957826972,0.389501690864563,-0.07914401590824127,0.534723699092865,0.015383917838335037,0.30498644709587097,0.5617656707763672,-0.8055456876754761,0.24898111820220947,-0.40483564138412476,0.4716431498527527,-0.1000686064362526,0.7456828951835632,0.10189072787761688,1.0500706434249878,-0.38851234316825867,-0.4100288450717926,-0.5298869609832764,-0.7523825764656067,-0.9493997693061829,0.14979326725006104,-0.18869665265083313,0.2972830832004547,0.7962693572044373,-0.4076730012893677,0.569818377494812,0.9170024394989014,-1.106629490852356,0.490922749042511,0.3424149453639984,0.61203533411026,1.1852887868881226,-0.4621411859989166,0.6497682332992554,-0.2690519392490387,1.0184109210968018
1.4832686185836792,1.1441049575805664,0.5366725921630859,-1.3093279600143433,-1.4615898132324219,-0.5329739451408386,-1.035286784172058,0.726638913154602,-1.7573565244674683,-0.4414466619491577,-0.5843128561973572,2.1467654705047607,-0.47421449422836304,0.11254826933145523,0.47543278336524963,0.9446163773536682,-0.30698537826538086,1.7954306602478027,-0.04367401450872421,1.7244433164596558,0.6250681281089783,-0.8768085837364197,0.37302258610725403,-0.733305811882019,-0.4034542143344879,-1.0164202451705933,1.391916036605835,-0.5404893755912781,-0.6508615612983704,0.05906491354107857,-0.6445368528366089,-1.202195644378662,-0.5185287594795227,0.24251075088977814,-0.7191017270088196,0.20148798823356628,-0.31443390250205994,0.5731929540634155,1.062495231628418,0.24186915159225464,-0.1839197278022766,-0.42431631684303284,-0.2211311012506485,0.2740548849105835,1.2153691053390503,0.04934511333703995,-0.673963189125061,-0.3016968369483948,0.8007369637489319,-1.145467758178711,-0.44399651885032654,-0.14127589762210846,0.024474332109093666,-0.12286040186882019,0.027693413197994232,0.7650305032730103,0.38157618045806885,-0.3793868124485016,0.663433849811554,0.05128117650747299,0.6100802421569824,0.4008692502975464,0.3009240925312042,0.1394186019897461,0.6889005899429321,0.7146826982498169,-0.3371064066886902,0.2320052832365036,1.1770437955856323,-0.730684220790863,0.3840619623661041,-0.0950985923409462,1.0519235134124756,-0.06606350094079971,-0.26322469115257263,-0.6239490509033203,-0.8047042489051819,-1.099848747253418,-0.6720792055130005,-0.6987999677658081,-0.1814059168100357,-0.17259542644023895,-0.14428088068962097,-0.4246569871902466,0.1105213388800621,-0.4927869439125061,0.824664831161499,0.02724638767540455,0.7661991119384766,0.06013081595301628,1.0417193174362183,-0.5611511468887329,0.14361485838890076,0.3016029894351959,0.5274853110313416,0.29727235436439514,-0.22786158323287964,-0.11630505323410034,0.14321865141391754,-0.14384542405605316,-0.2949211895465851,-0.24628114700317383,0.08188603818416595,-0.1997336894273758,0.8153983950614929,0.7661192417144775,0.2903461158275604,0.24329900741577148,0.060583293437957764,0.12223497033119202,0.019754735752940178,0.15153537690639496,0.5229137539863586,-0.14834125339984894,-0.5727413296699524,0.20241978764533997,0.1005796417593956,0.009667748585343361,-0.7932327389717102,-0.4900490939617157,0.047336287796497345,-0.04007472097873688,-0.22764374315738678,-0.2356579601764679,-0.5054086446762085,0.1848611831665039,0.5282078385353088,0.5727141499519348
2.152859926223755,2.021334171295166,1.165453314781189,-0.5959120392799377,-1.1449764966964722,-1.3339210748672485,-0.3509877026081085,0.6764439940452576,-1.3752714395523071,-0.9041198492050171,-0.5712632536888123,1.0235702991485596,-0.5464009642601013,-0.17472650110721588,1.6680570840835571,0.19273757934570312,-0.26691460609436035,0.6803904175758362,-0.8555800318717957,0.33150947093963623,-0.10068400949239731,-0.4318847358226776,0.21346867084503174,-1.7541693449020386,-0.5689122080802917,-0.3520195484161377,0.9137315154075623,-0.6130976676940918,-0.8423707485198975,-0.012108257971704006,-1.045206904411316,-1.484859824180603,0.43162572383880615,-0.5310190916061401,-0.48124924302101135,0.16808964312076569,-0.3955734670162201,0.5464367270469666,0.6077099442481995,-0.4553981125354767,-0.34491872787475586,0.484351247549057,-0.03523711487650871,0.2231091558933258,0.9049831032752991,0.5858191847801208,0.12530340254306793,0.2059018462896347,-0.20026400685310364,-0.28113842010498047,1.2015609741210938,0.7485975623130798,0.1676497608423233,0.2291392982006073,0.49498826265335083,0.5445890426635742,-0.09246540814638138,-0.4530825912952423,-0.6267913579940796,0.8771880865097046,-0.1754329353570938,0.6311724185943604,0.296863317489624,0.6605463027954102,0.7151007652282715,0.034854546189308167,-0.6793447732925415,-0.10101111233234406,0.5980486273765564,-0.20957781374454498,-0.5770797729492188,-0.34665238857269287,0.3869990110397339,0.18994881212711334,-0.2604334056377411,-0.42144474387168884,0.27181127667427063,0.27448952198028564,-0.567893922328949,0.6354953646659851,-0.12071544677019119,-0.16848665475845337,-0.46585172414779663,-0.25841057300567627,-0.047586552798748016,0.6321991086006165,0.250586599111557,-0.3654044270515442,0.06027330085635185,-0.8525429368019104,-0.3884246051311493,0.2771297097206116,0.11924517899751663,0.05117227882146835,-0.1649531126022339,1.1527087688446045,0.728879451751709,0.33378851413726807,0.28241702914237976,-0.9738426804542542,0.3215555250644684,-0.7582634687423706,-0.13104602694511414,0.5189175009727478,0.8481754064559937,-0.14936035871505737,0.7900753617286682,-0.5399616360664368,0.517135739326477,-0.24909883737564087,-0.43294602632522583,-0.776231586933136,-0.32833176851272583,-0.14365507662296295,0.9162470102310181,-0.03683185577392578,-0.8954363465309143,0.6453677415847778,0.6806137561798096,0.029747452586889267,0.23061400651931763,0.5411220192909241,0.07741893827915192,1.0070098638534546,-0.06067908555269241,0.3618718981742859,0.08173896372318268,0.28648924827575684
1.4766396284103394,1.7261992692947388,0.2110367864370346,-1.2925864458084106,-0.6615576148033142,-0.6654621362686157,-0.5997841358184814,0.6171026229858398,-1.473410725593567,-1.2241547107696533,-0.6837161779403687,1.334029197692871,-1.1917215585708618,0.11110072582960129,1.1161388158798218,1.0003935098648071,0.15862171351909637,1.284061312675476,-0.577994167804718,0.5242913365364075,-0.37763819098472595,-0.27633827924728394,0.03285817801952362,-1.305424690246582,-0.04476780816912651,-0.5038036108016968,0.8569085597991943,-0.9511476159095764,-0.4477890133857727,0.011275813914835453,-0.9794253706932068,-0.6139841079711914,-0.38514140248298645,-0.3346749246120453,-1.0375728607177734,0.3399324119091034,0.07809615135192871,0.5541683435440063,1.2826087474822998,-0.14386874437332153,-0.7838193774223328,0.6182845830917358,-0.11692295223474503,0.1427382528781891,0.8795943856239319,0.4708290100097656,0.06551255285739899,-0.23527126014232635,-0.794173002243042,-0.424758642911911,0.5403861999511719,0.12134062498807907,0.5468438863754272,0.15516069531440735,0.726395845413208,0.5387558937072754,-0.2525971233844757,-0.2040971964597702,-0.2411186546087265,0.4520748257637024,-0.17284320294857025,-0.14786729216575623,0.47607287764549255,0.5830298662185669,0.49476251006126404,-0.3532082736492157,-0.6572641730308533,0.05883917585015297,1.0459225177764893,-0.5760831236839294,-0.9320439696311951,0.047713302075862885,0.48112428188323975,1.0880805253982544,0.22437487542629242,-0.6421861052513123,-0.45168930292129517,-0.4641440808773041,-0.2860451936721802,-0.38061413168907166,-0.426390677690506,-0.8612902164459229,-0.23880623281002045,-0.26267412304878235,-0.04033935070037842,0.9748377799987793,0.038156963884830475,-0.6163904666900635,-0.3166235685348511,-0.4905399680137634,-0.2646934390068054,0.406817227602005,1.117423415184021,0.037628985941410065,0.369886577129364,0.5981929302215576,-0.0910143330693245,0.31433558464050293,0.4087311327457428,-1.044528841972351,0.21767711639404297,-0.718338668346405,0.2908259630203247,-0.14022010564804077,0.5663343667984009,0.4150581955909729,1.249082088470459,-0.5145816802978516,0.23149685561656952,-0.3227730691432953,-0.5324352979660034,0.0051228925585746765,-0.09470200538635254,-0.024636849761009216,0.4490753412246704,0.45213621854782104,-0.37955424189567566,0.5501924753189087,0.6471940875053406,-0.2902376353740692,0.08991298824548721,0.4825161099433899,-0.21332378685474396,0.3672489821910858,-0.2879653871059418,0.24069920182228088,0.11893372982740402,0.7396254539489746
1.1575978994369507,1.4138585329055786,0.629260778427124,-0.7916231751441956,-0.37651246786117554,-0.9296852350234985,0.04982751980423927,0.3545186519622803,-1.0708140134811401,-0.9274060726165771,-0.8391143083572388,0.7492790818214417,-0.14263515174388885,0.4237416088581085,1.7943048477172852,0.5776015520095825,0.5604491829872131,0.8719707131385803,-1.1911861896514893,0.3247358798980713,0.8592250347137451,-0.6976836919784546,0.1518796682357788,-1.5610519647598267,-0.4757435917854309,-0.4838448464870453,1.5441969633102417,-1.2095454931259155,-0.9669228792190552,-0.0825623869895935,-1.3920400142669678,-1.7364894151687622,0.6269879937171936,-0.3876786231994629,0.3336433470249176,-0.2147151678800583,-0.488188236951828,-0.06592720746994019,-0.047636132687330246,-0.6908921599388123,-0.2630344033241272,-0.07206680625677109,1.054797649383545,-0.5853216052055359,0.7644228935241699,0.12130391597747803,-0.23555238544940948,0.2912847399711609,-0.10217294096946716,-0.4047103226184845,0.7716021537780762,0.928534209728241,-0.1501622051000595,-0.23223160207271576,0.6105960607528687,0.7811766266822815,0.4899154305458069,-0.27537840604782104,-0.6109408736228943,0.5095065236091614,0.13561555743217468,-0.17098920047283173,-0.01300770789384842,0.13292653858661652,0.263794481754303,0.0561700202524662,-0.6169337630271912,0.42016714811325073,0.6141720414161682,0.3911430537700653,-0.7346224188804626,-0.33595821261405945,-0.32283201813697815,0.2411273717880249,-0.32808926701545715,-0.688385009765625,-0.44634342193603516,-0.4838714003562927,-0.5723360776901245,0.6938434839248657,-0.7268568873405457,-0.3405212461948395,-0.5697150826454163,-1.080918550491333,-1.03715181350708,0.2116079181432724,0.6119844913482666,-1.1586002111434937,-0.407208651304245,-0.7132645845413208,0.6539477109909058,0.3185259997844696,0.709809422492981,0.8753226399421692,0.0421832911670208,1.5359538793563843,0.5611545443534851,-0.036384619772434235,0.22854509949684143,-1.013762354850769,-0.650863766670227,-0.6967703104019165,0.15530073642730713,0.2625483274459839,0.4594399631023407,0.17191067337989807,0.9385716915130615,-0.634854793548584,-0.7279026508331299,-0.5077470541000366,0.15146404504776,-0.2615840435028076,0.1709810346364975,-0.5124057531356812,0.2668580412864685,0.7057719826698303,0.03379986062645912,0.40440312027931213,-0.51398766040802,0.041832298040390015,-0.06233382970094681,-0.16799436509609222,0.46264398097991943,0.20085881650447845,0.2007158100605011,-0.13194571435451508,-0.10568759590387344,0.9675707221031189
0.17128075659275055,0.8827782273292542,0.17747679352760315,0.005173141602426767,-0.6717491149902344,-0.7488489747047424,-0.8172508478164673,0.2975853383541107,-1.2156223058700562,-1.514070749282837,-0.6223077774047852,1.437592625617981,-0.4533410370349884,-1.4188870191574097,0.9432600140571594,0.20325475931167603,-0.547776460647583,0.7732065320014954,-0.6871225833892822,0.9188450574874878,-0.0323333702981472,0.510938286781311,0.611257791519165,-1.7202152013778687,-0.05142979696393013,-0.8162307143211365,0.7138180732727051,-0.7795296311378479,-0.30718788504600525,-0.24640092253684998,-0.9313872456550598,-1.0413612127304077,-0.7965677976608276,-1.135306715965271,-0.3820844888687134,-0.8618616461753845,-0.20503538846969604,0.0999588668346405,0.6248951554298401,0.38922029733657837,-0.1878940612077713,0.5196573734283447,-0.10333175957202911,-0.2951229214668274,0.006767481565475464,0.2548912763595581,-1.016600489616394,0.22863812744617462,-0.5056766867637634,-0.7993060350418091,0.878472089767456,0.6369005441665649,-0.11990516632795334,0.47704431414604187,0.34213948249816895,0.51569664478302,-0.3806806206703186,-0.8432831764221191,-0.16926635801792145,-0.32457849383354187,-0.2352541834115982,0.6262401342391968,0.420185923576355,0.6362868547439575,0.38968902826309204,0.5198065042495728,-0.5949723124504089,0.5549836158752441,1.20743989944458,-0.051107313483953476,-0.44228559732437134,-0.03881439194083214,0.12128931283950806,0.08413940668106079,-0.8764541149139404,0.0994340255856514,-0.2931607663631439,-0.28463974595069885,-0.757226288318634,-0.8775397539138794,-0.9993447065353394,0.4808909595012665,0.14854685962200165,-0.08857110142707825,-0.44203007221221924,0.5561967492103577,0.8668076395988464,-0.49763426184654236,0.9268531203269958,-0.5676438212394714,-0.540878176689148,-0.48984256386756897,-0.5953601598739624,-0.4899050295352936,-0.20928522944450378,0.15686601400375366,-0.3305780589580536,-0.15749946236610413,0.47322937846183777,-0.1146736666560173,0.5239255428314209,0.41415634751319885,0.0018751431489363313,0.7304844856262207,0.13010047376155853,0.36405351758003235,0.8888812065124512,-0.30811285972595215,-0.12538959085941315,-0.4962497651576996,-0.661797046661377,-0.6710659861564636,-0.42708879709243774,-0.6638115048408508,0.23650644719600677,-0.3323351740837097,-0.017462989315390587,1.0854778289794922,0.5730193257331848,0.07351728528738022,0.3337463140487671,0.5354540348052979,-0.21606965363025665,1.2584304809570312,-0.14920920133590698,-0.531022846698761,0.9145909547805786,0.10806750506162643
