1.1545233726501465,1.6041353940963745,0.9183498620986938,-1.2686853408813477,-1.2772116661071777,-0.18871541321277618,-0.659622848033905,0.7793917655944824,-0.5649877190589905,-0.875630795955658,-0.20995649695396423,1.2164353132247925,-0.7817556262016296,1.0998656749725342,0.8116437792778015,0.8201925754547119,-0.35210853815078735,1.332076907157898,-0.7263132929801941,0.6331791281700134,0.4114772081375122,-0.9636951684951782,-0.49187910556793213,-0.8615719676017761,0.6022902131080627,-0.8798686861991882,1.84823739528656,-0.7324441075325012,-1.0574541091918945,0.4363047480583191,-1.1196715831756592,-1.2110344171524048,-0.13442055881023407,0.47972363233566284,-0.4355000853538513,0.10789214819669724,-0.3409683406352997,-0.15282370150089264,0.7326029539108276,0.5643714666366577,-0.08475908637046814,-0.2764463424682617,-0.8207841515541077,0.47046273946762085,-0.16937069594860077,0.23930703103542328,-0.3392137885093689,-0.6357501149177551,0.21567358076572418,-0.011585202999413013,-0.17479564249515533,-0.4256705641746521,0.8533617258071899,0.5604536533355713,-0.07559221982955933,0.23460513353347778,0.19559282064437866,-0.04318884760141373,-0.34949514269828796,0.3071146309375763,0.20323815941810608,0.5432999134063721,0.3898618817329407,0.3403469920158386,0.4555494487285614,-0.33385810256004333,-0.3080407679080963,0.17238309979438782,0.5322950482368469,0.37459883093833923,-0.7681968808174133,-0.8704084157943726,0.6862968802452087,0.1314348727464676,0.3447515070438385,0.5188227891921997,-0.6282891631126404,-0.34681496024131775,-0.23816949129104614,0.217781201004982,0.3238441050052643,-0.902414858341217,0.526668906211853,-0.3142282962799072,-0.06158553063869476,0.32160890102386475,-0.48577946424484253,0.5008258819580078,0.28963592648506165,-0.22178085148334503,0.7393137216567993,0.23329955339431763,-0.2603870630264282,0.6836313009262085,0.43195030093193054,-0.6441859006881714,-0.7775856852531433,0.4264456629753113,0.2883896827697754,0.0375986322760582,0.5843212604522705,-0.2599928677082062,0.38172203302383423,0.14167660474777222,0.37493133544921875,0.05061135068535805,-0.020030714571475983,-0.14662037789821625,-0.3826431334018707,0.3877026438713074,-0.1439470499753952,0.31905147433280945,0.049189429730176926,0.3836074769496918,-0.07587971538305283,0.786515474319458,0.27643856406211853,0.5785505175590515,0.07634933292865753,-0.4693170487880707,-0.07330977916717529,0.3457333445549011,-0.2908566892147064,0.6347118020057678,-0.5160751938819885,0.38358861207962036,0.1633816808462143,-0.23466747999191284
-0.4532187581062317,0.3477911651134491,0.8239059448242188,-0.41338038444519043,-0.3561592102050781,0.04369115084409714,-0.48432454466819763,0.576753556728363,-0.5872660875320435,0.2557421326637268,-0.36790600419044495,0.4289272129535675,-0.20476162433624268,-0.28742411732673645,-0.22939540445804596,0.12727227807044983,-0.42163699865341187,0.17187778651714325,0.5454328060150146,0.3756842613220215,0.2912883162498474,0.2074080854654312,-0.3770101070404053,0.3654845058917999,-0.4402550458908081,0.10376688838005066,-0.8457737565040588,0.11511204391717911,-0.1310090720653534,0.033692654222249985,0.07984570413827896,-0.5141238570213318,-0.5350921750068665,-0.6777469515800476,-0.24847009778022766,-0.5120559930801392,-0.2601834833621979,0.8966923356056213,0.09572654962539673,-0.6339856386184692,-0.11256659030914307,0.050110407173633575,-0.6046436429023743,-0.6179633736610413,1.0597907304763794,0.8828275799751282,-0.45982956886291504,0.05720733478665352,0.5343064069747925,-1.1078064441680908,0.4256567060947418,0.9595260620117188,-0.32881951332092285,0.1282757967710495,0.3376273214817047,0.628216564655304,0.8862742185592651,-0.7980235815048218,0.8660554885864258,0.1254608929157257,0.268854022026062,0.5042670369148254,-0.34857070446014404,0.08677129447460175,0.36677950620651245,1.2687116861343384,0.26013585925102234,0.9851799011230469,0.29449015855789185,-0.16136732697486877,-0.09343660622835159,-0.7752575278282166,0.18980874121189117,-0.2578412592411041,-0.30805274844169617,0.49247124791145325,-0.15664292871952057,-0.5537660717964172,-0.4918883740901947,-0.5993156433105469,-1.1332356929779053,0.7388824820518494,-0.037876807153224945,0.1511010229587555,-0.5211557149887085,-0.093152716755867,0.368694007396698,-0.7883239984512329,0.1132979765534401,0.7531415820121765,0.6443688869476318,-0.2883482277393341,-0.22920385003089905,0.5837590098381042,0.4544077515602112,0.6688748598098755,-0.47885167598724365,-0.1752396672964096,-0.9555282592773438,0.20770010352134705,-0.44528141617774963,-0.7235563397407532,0.9914901256561279,1.179269552230835,1.097084641456604,1.1198129653930664,0.7438269853591919,-0.4994828402996063,-0.13047145307064056,-0.45760297775268555,-0.003284828970208764,-0.6071433424949646,-0.49024876952171326,-0.7551244497299194,0.09004657715559006,0.18705593049526215,-0.20128509402275085,0.8435214161872864,-0.12546062469482422,-0.563037097454071,1.011976718902588,0.7869846820831299,0.9365242719650269,0.44001051783561707,-0.5369445085525513,0.9935590028762817,0.8058412671089172,0.5506364107131958
0.5525296926498413,0.43531954288482666,0.5001713037490845,0.14474327862262726,-0.2343536764383316,-0.639989972114563,-0.0794082060456276,0.27317073941230774,-0.4068709909915924,-0.45046183466911316,-1.0989913940429688,0.046775445342063904,-0.16517305374145508,0.3144635260105133,0.8723331093788147,0.3571573495864868,0.6551225781440735,0.6574954986572266,-0.1352105289697647,-0.40535780787467957,0.3193052411079407,-0.20858652889728546,-0.06022859737277031,-0.8493695855140686,-0.06338083744049072,0.37987661361694336,0.6160415410995483,-0.3893451392650604,-0.4736746549606323,0.24982663989067078,-0.517444908618927,-0.17839738726615906,-0.041253577917814255,-0.9129047393798828,-0.4054989814758301,0.5181605219841003,0.06760518252849579,0.5093427896499634,-0.1946248859167099,-1.0183401107788086,-0.5276703238487244,0.24566838145256042,-0.0735618993639946,-0.3957814574241638,0.8099274635314941,0.3163791298866272,-0.02948957495391369,0.09358403831720352,-0.46305325627326965,0.055112261325120926,1.2298216819763184,0.6642519235610962,-0.61216801404953,0.11433187872171402,0.06897381693124771,0.9716095924377441,0.48068371415138245,-0.34961581230163574,-0.3936786949634552,-0.22966167330741882,-0.48254477977752686,0.20689167082309723,-0.0703350231051445,0.6261197328567505,0.14543408155441284,0.04658535495400429,-0.06180838868021965,0.18620741367340088,0.5517882108688354,0.18776310980319977,-1.0727448463439941,-0.6789553165435791,-0.8421929478645325,0.8922194242477417,-0.2842770516872406,-0.11609829217195511,-0.1583876758813858,0.2323361039161682,0.35865578055381775,-0.30080270767211914,-1.5078365802764893,-0.5566709637641907,-1.0000633001327515,-0.264372318983078,-0.32395774126052856,0.7711361050605774,0.45751726627349854,-0.9283034205436707,-0.4032757878303528,-0.23682035505771637,-0.14482314884662628,-0.3432709276676178,0.5362792015075684,0.23065108060836792,-0.6310998797416687,1.06682550907135,-0.1524774432182312,-0.5105694532394409,-0.8154517412185669,-0.5407896637916565,-0.5817733407020569,-0.8389853835105896,0.5127357840538025,0.7773687243461609,-0.2132100611925125,0.630480945110321,0.8635026812553406,-1.155146598815918,-0.35378196835517883,-0.8593647480010986,-0.23982536792755127,0.02139538712799549,-0.44318777322769165,-0.3252567648887634,0.8080402612686157,0.41899827122688293,-0.9017523527145386,-0.054938167333602905,0.30745357275009155,-0.09072765707969666,-0.08367878198623657,-0.395783394575119,0.21388666331768036,0.2756543457508087,0.5480347871780396,0.2939957082271576,-0.3287614583969116,1.0989222526550293
0.8457675576210022,0.10585982352495193,0.13875339925289154,-0.9618615508079529,-1.4132481813430786,-0.18489740788936615,0.12908685207366943,-0.09206429868936539,-0.5161851048469543,-0.5058354139328003,-0.0009447252377867699,1.406822681427002,-0.6596418023109436,0.7246238589286804,0.7718718647956848,0.5373979806900024,-0.22554738819599152,0.7173368334770203,-0.5482348799705505,0.5130634307861328,-0.00973546039313078,-0.724382221698761,-0.3224407732486725,0.08759512007236481,0.1718994379043579,-0.16379398107528687,1.544274926185608,-0.21175044775009155,-0.9347543716430664,0.2554003596305847,-0.23075197637081146,0.3167755603790283,-0.8520579934120178,-0.3895953595638275,-0.4182553291320801,-0.3888801336288452,0.2583525478839874,0.5426143407821655,0.3651655614376068,-0.8965672254562378,-0.36422017216682434,-0.5391207337379456,-1.4295589923858643,0.8623824715614319,0.6581345796585083,-0.3614937961101532,-0.7226741909980774,0.41317012906074524,-0.05771418660879135,-0.8299689888954163,1.3995106220245361,0.5434353947639465,-0.28515902161598206,0.8330447673797607,0.15052519738674164,1.1966865062713623,0.2326156347990036,-0.23598383367061615,-0.9178439378738403,0.6118776798248291,0.15374641120433807,0.14559319615364075,0.27635231614112854,-0.2288975864648819,0.22437572479248047,0.6380454897880554,-0.23192189633846283,-0.037584539502859116,0.7063218951225281,0.4654832184314728,-0.0508417971432209,-0.704764723777771,0.32117071747779846,-0.15919311344623566,-0.6013367176055908,-0.16700208187103271,0.07726108282804489,-0.5823482871055603,0.24369212985038757,-0.18274861574172974,-0.013919899240136147,-0.4545890688896179,-0.4221037030220032,0.43790000677108765,-0.06100308895111084,0.46047937870025635,0.1973283886909485,0.47837623953819275,0.23264248669147491,0.22087687253952026,1.0210117101669312,-0.2787167429924011,-0.5823078155517578,1.052629828453064,-0.2504301369190216,0.606731116771698,0.07563894987106323,-0.30133917927742004,0.5192422866821289,-0.01434390526264906,-0.6024052500724792,-0.49653562903404236,-0.08848781883716583,-0.048177268356084824,0.46919888257980347,0.17310594022274017,-0.38134515285491943,-0.26716741919517517,-0.31061235070228577,-0.2351195514202118,0.5869832634925842,-0.16488580405712128,0.4732915759086609,0.5478531122207642,0.5086411237716675,0.16635103523731232,-0.653864324092865,-0.23688334226608276,0.43964144587516785,-0.774810254573822,-0.22272124886512756,-0.07830584794282913,-0.8168352842330933,-0.17180728912353516,0.05418431758880615,0.8685327172279358,-0.26371899247169495,0.19215093553066254
0.14793090522289276,0.0336947925388813,0.5420228242874146,-0.8643486499786377,0.21102985739707947,-0.0070336912758648396,-0.23959772288799286,-0.023396454751491547,-0.21564126014709473,-0.9498679637908936,0.43534955382347107,-0.10812035948038101,0.7498571276664734,0.5224582552909851,0.12309301644563675,-0.12529811263084412,0.2034056931734085,1.0353626012802124,-0.7059555649757385,-0.10699894279241562,0.301979660987854,-0.351953387260437,-0.2763649523258209,-0.8571808338165283,0.6808609962463379,-0.38932496309280396,1.1071828603744507,0.1721605807542801,-0.5188210606575012,0.8135676383972168,0.05826949328184128,-1.2099158763885498,-0.9120650291442871,-0.41124624013900757,0.44542035460472107,-0.2034795582294464,-0.36588117480278015,0.13948507606983185,0.23920176923274994,0.21578092873096466,-0.604939341545105,-0.2742342948913574,-0.044080983847379684,-0.13936102390289307,0.29684773087501526,0.001888577244244516,0.0774434357881546,-0.48523658514022827,0.23683278262615204,-0.5311358571052551,0.07680517435073853,-0.12297839671373367,0.04427017271518707,0.9189912676811218,0.06595312058925629,0.5547797083854675,-0.3449738919734955,-0.7254418134689331,0.14813028275966644,-0.16478998959064484,0.04623080790042877,0.3645283877849579,0.31816399097442627,0.5503667593002319,-0.11300045251846313,0.7084468603134155,-0.8614113926887512,-0.4652884304523468,0.7714928388595581,0.3546982705593109,-0.6376028656959534,-1.1938427686691284,0.043113235384225845,0.08727043122053146,-1.2711654901504517,0.3235284984111786,-0.1681586056947708,-0.751671314239502,-0.8090047836303711,-0.40726563334465027,-0.5380377173423767,-0.2241678237915039,-0.6273674964904785,-0.47101739048957825,-0.40242210030555725,0.3457328975200653,-0.4585071802139282,-0.516190767288208,-0.38132530450820923,0.21109847724437714,0.3567209541797638,-0.0802508220076561,0.024545956403017044,1.180004358291626,0.4231591522693634,-0.12727676331996918,-0.6498342752456665,0.6992412209510803,-0.6920051574707031,0.4654325544834137,0.38845545053482056,-0.20597828924655914,0.19618761539459229,0.531540036201477,0.44301334023475647,0.6866518259048462,-0.4694632887840271,-0.8047946691513062,-0.5509910583496094,-0.4896029233932495,-0.3847516179084778,-0.44193288683891296,0.07041914761066437,-0.23629632592201233,0.1269546002149582,1.0246047973632812,0.9167103171348572,0.7396267652511597,0.8491582274436951,-0.6569022536277771,0.22107253968715668,0.5984736084938049,-0.0011637643910944462,1.0346804857254028,0.22652575373649597,0.8074300289154053,0.08183552324771881,0.14968086779117584
0.9712961316108704,0.9338780641555786,0.7127565741539001,-0.72726970911026,-1.1540424823760986,-0.0642436221241951,-0.20818334817886353,-0.20192427933216095,0.1561853587627411,0.2739875018596649,-0.8562446236610413,0.9742320775985718,-0.4142138361930847,0.4911060631275177,0.026771096512675285,0.24201110005378723,0.05008873715996742,0.37828436493873596,-0.37964457273483276,1.1388120651245117,0.850633442401886,-1.2990186214447021,-0.3890782296657562,-0.5944681763648987,0.3367449641227722,-0.1748315840959549,1.1841493844985962,0.14337249100208282,-0.5138610601425171,0.12204789370298386,-0.9081149101257324,0.08311621844768524,-0.6723966598510742,-0.8901619911193848,-0.6270215511322021,0.2503829300403595,-0.036729373037815094,0.8839552402496338,0.5404893159866333,-0.3711606562137604,-0.5910100936889648,-0.10198890417814255,-0.8579432368278503,0.47553446888923645,0.07684949040412903,-0.2511661946773529,-0.14397534728050232,-0.6844757199287415,0.6229293942451477,-0.3064890503883362,0.0587337501347065,0.6776139140129089,-0.48191776871681213,0.8622900247573853,-0.028518861159682274,0.4642072319984436,0.3068353235721588,-0.9212287068367004,-0.8113378882408142,-0.07154370099306107,-0.24951469898223877,0.03629951551556587,0.57515949010849,0.04959508776664734,0.8896514773368835,0.1219744086265564,-0.08592459559440613,0.3517445921897888,0.3914680778980255,-0.4510580599308014,-0.11752688884735107,-1.0387967824935913,0.16426511108875275,0.31722691655158997,-0.6722269058227539,-0.1884063482284546,-0.8555927872657776,-0.6562158465385437,-0.3648006021976471,-0.5696985125541687,-1.132530927658081,0.19292651116847992,0.5188131928443909,0.3172912001609802,-0.21969813108444214,0.13625848293304443,0.5158898234367371,0.2155357003211975,0.12034136801958084,-0.06974149495363235,0.6609373092651367,-0.37444862723350525,-0.4525858759880066,0.6370251178741455,-0.007305951323360205,0.058617003262043,-0.3272190988063812,-0.5363559126853943,-0.7149810194969177,-0.009244760498404503,-0.5565999746322632,-0.43601471185684204,0.30339646339416504,1.4955990314483643,-0.2586376667022705,0.3111054599285126,0.5820547938346863,-0.15321022272109985,-0.5953863859176636,-0.5256366729736328,0.25184041261672974,-0.21432209014892578,0.09146346151828766,-0.06438852101564407,0.9086864590644836,0.24300704896450043,-0.49900978803634644,-0.5429405570030212,0.6025266647338867,-0.10461612790822983,0.3445001542568207,-0.10584279894828796,0.11548744142055511,-0.4273955821990967,-0.2952577769756317,-0.12364964932203293,0.2891923189163208,-0.12583953142166138
-0.15316565334796906,0.6575382351875305,0.49328121542930603,-0.7943223118782043,-0.8811902403831482,0.10442519932985306,-0.6936171650886536,0.7868254780769348,-0.8736594915390015,-1.4009515047073364,-0.2628541588783264,1.4022492170333862,-0.3780752420425415,-0.2702818512916565,1.5060864686965942,0.3217635452747345,-0.3615662455558777,1.2868214845657349,-1.014467477798462,-0.01654030941426754,0.7418851852416992,-0.06303026527166367,-0.6055769920349121,-0.6825484037399292,0.22420178353786469,0.03905060142278671,0.3747723698616028,-0.5152211785316467,-0.8033901453018188,1.0638033151626587,-0.13549192249774933,-0.4610936641693115,-0.18776385486125946,0.03956019878387451,0.2648310363292694,-0.8710823655128479,0.14987626671791077,-0.4508174657821655,-0.5361756086349487,0.17661532759666443,0.45621076226234436,-0.5386497974395752,0.023913580924272537,-0.6250290274620056,-0.24711355566978455,-0.36019375920295715,-0.5967390537261963,0.4744979739189148,-0.41020697355270386,-0.1281953752040863,0.36446505784988403,0.12400555610656738,0.19472035765647888,0.44304850697517395,-0.7745343446731567,0.9581058025360107,-0.01555071584880352,0.3437154293060303,0.1702684611082077,-0.02986256033182144,0.006237668450921774,0.20535029470920563,-1.076335072517395,0.3903025686740875,0.07635454088449478,0.05666434019804001,0.03383253142237663,0.5116696357727051,0.584339439868927,0.5271837115287781,-0.32622140645980835,-0.28914788365364075,-0.31613269448280334,0.05588594824075699,-0.2447691112756729,1.2431600093841553,0.07897402346134186,-0.687777042388916,-0.3605431616306305,-0.7636710405349731,-0.9112533926963806,-0.03744219243526459,-0.40821680426597595,-0.3705955147743225,0.1772671788930893,-0.18627631664276123,0.44200217723846436,-0.35288649797439575,0.45124855637550354,0.005402233451604843,0.7515482902526855,0.2269766479730606,0.023295355960726738,0.030280176550149918,-0.07055670768022537,0.7140734195709229,-0.5769661664962769,-0.24627552926540375,0.04182368889451027,-0.17529305815696716,0.21021327376365662,-0.46585091948509216,0.5159466862678528,0.27751192450523376,0.8586685657501221,1.3107355833053589,0.6489417552947998,-0.7713519334793091,-0.9932308197021484,-0.32283133268356323,0.5351290702819824,-0.5798584222793579,-0.25033965706825256,-0.45621418952941895,0.46757492423057556,0.457599937915802,-0.1868973821401596,1.125765323638916,-0.5096774697303772,0.1095067709684372,-0.09817735105752945,0.055576711893081665,0.20346057415008545,1.054766297340393,0.4452589154243469,0.5765848159790039,0.9747909903526306,0.8208377361297607
0.6569578051567078,-0.3359189033508301,0.8969647288322449,-0.2011346071958542,-0.6061180830001831,-0.18395881354808807,-0.13819415867328644,0.44006213545799255,-0.021923478692770004,0.0452565923333168,0.0725109875202179,0.14253246784210205,-0.07549948990345001,0.5754274129867554,0.2751191258430481,-0.3907474875450134,0.04334826022386551,0.016720125451683998,-0.2719540297985077,-0.18527820706367493,0.3911493122577667,0.1154375970363617,0.1545785516500473,0.20299752056598663,-0.3851335644721985,-0.605701744556427,0.8755732774734497,-0.02153107337653637,-0.5802862644195557,-0.4731219708919525,-0.03794386237859726,-0.2979646325111389,-0.584348738193512,0.29019859433174133,-0.09134044498205185,0.13788414001464844,-0.22155970335006714,1.056296467781067,1.525623083114624,-0.24304339289665222,-0.6767655611038208,0.179256871342659,-0.731898844242096,0.5116912722587585,0.9509236812591553,0.559128999710083,0.2304898202419281,0.08078530430793762,0.4575505256652832,-0.5398921370506287,1.402451753616333,0.5532182455062866,0.08622065931558609,0.7553949356079102,0.8776351809501648,0.301066517829895,0.7813077569007874,-0.2984328866004944,0.18262852728366852,0.4026680588722229,0.4220469892024994,0.55998295545578,0.8270882368087769,0.23349903523921967,-0.42215463519096375,0.979948878288269,-0.19639110565185547,-0.16431547701358795,0.24587354063987732,0.4446084499359131,-0.8034229278564453,-0.9912019968032837,1.0445512533187866,-0.048077698796987534,-0.662632167339325,-0.5366867184638977,-0.5927815437316895,0.018505511805415154,-0.7623244524002075,-0.7328088283538818,-0.09158523380756378,-0.6286872625350952,-1.0651373863220215,0.027936428785324097,-0.2059326320886612,0.48889797925949097,0.708187460899353,-0.5930289030075073,-0.6339630484580994,-0.4269609749317169,0.18128900229930878,0.1258220374584198,0.5468578934669495,1.3860563039779663,0.2216966301202774,0.8192857503890991,-0.4801575839519501,0.40254321694374084,0.4175006151199341,0.2831026017665863,-0.08364267647266388,-0.7353348135948181,0.14024296402931213,0.3963158428668976,1.2244136333465576,0.36973217129707336,0.008491333574056625,-0.3244868516921997,0.21818611025810242,-0.4739709496498108,0.10783913731575012,-0.26156044006347656,-0.030621659010648727,0.38031041622161865,0.5998334884643555,0.8452052474021912,-0.6353606581687927,-0.008258567191660404,0.19632239639759064,-0.6042835712432861,0.006415593437850475,0.3197818100452423,0.7488494515419006,0.2732037305831909,-0.27886277437210083,0.6428326964378357,-0.3433034121990204,-0.21093688905239105
0.3227394223213196,0.21056360006332397,-0.37183183431625366,-0.37985464930534363,0.017573459073901176,0.2287159115076065,0.11414878070354462,-0.04272159934043884,-0.07344145327806473,0.11040393263101578,0.0004293933743610978,0.046061716973781586,0.0752304196357727,-0.06569594144821167,-0.07737720012664795,0.26400431990623474,0.25341877341270447,0.21826843917369843,-0.25694435834884644,0.5992000699043274,0.4224947988986969,0.3524324893951416,0.6451240181922913,-0.2048027217388153,0.002637316472828388,0.0839567631483078,-0.4150279760360718,-0.11986071616411209,0.47272035479545593,0.20142409205436707,-0.008032647892832756,0.1393875628709793,-0.6046085953712463,-0.5335587859153748,-0.2971106171607971,-0.4682728946208954,-0.07079187780618668,-0.1313752382993698,0.9535414576530457,-0.2162986397743225,-0.6257176995277405,0.5214337110519409,-0.18724244832992554,-0.35676494240760803,0.12906987965106964,0.5657667517662048,-0.9035479426383972,-0.4320766031742096,-0.446431040763855,-0.1972438544034958,0.2655959129333496,0.8026419281959534,-0.26548755168914795,0.7240052223205566,0.5660068392753601,1.3927040100097656,-0.14890779554843903,-1.435577630996704,-0.36085954308509827,-0.10791634768247604,-0.42426028847694397,0.08124453574419022,-0.03244011476635933,0.11558432877063751,1.6691800355911255,-0.23622503876686096,-0.7469467520713806,0.10289721190929413,1.3082573413848877,-0.0757099911570549,-0.9732664227485657,-0.4588443338871002,-0.13560235500335693,0.42420366406440735,-0.5951629877090454,0.6882284283638,-0.1214812770485878,-0.4880453646183014,-0.18309321999549866,-0.33803245425224304,-1.3470633029937744,-0.4108397662639618,-0.2652360498905182,0.056639764457941055,-0.38920581340789795,1.1326185464859009,0.3742149770259857,-0.32006314396858215,0.30425333976745605,0.08958756923675537,0.4581804871559143,-0.8222377300262451,-0.6666539311408997,0.440690279006958,-0.34781143069267273,-0.008168759755790234,-0.04685636982321739,-0.8237951993942261,-0.7629445791244507,-0.3143918514251709,-0.3708016276359558,-0.0635400116443634,0.05779225751757622,1.2183171510696411,0.4819573163986206,1.7956682443618774,0.8218374252319336,-1.1117150783538818,-1.52413010597229,-0.33399343490600586,-0.46511635184288025,-0.438923716545105,-0.02915487065911293,-0.6016754508018494,0.6202064752578735,0.20820187032222748,0.37986648082733154,0.7878569960594177,0.3488342761993408,-0.7830843329429626,-0.39661261439323425,0.12626853585243225,-0.215560182929039,0.7679666876792908,-0.06895017623901367,0.8367177844047546,0.16290490329265594,0.4599308371543884
0.32845258712768555,0.7386022210121155,0.6638138294219971,-0.7577276825904846,0.06838369369506836,-0.1954556405544281,-0.031258177012205124,0.24606505036354065,0.3313097059726715,-1.3726344108581543,-0.5002264380455017,0.48213452100753784,-0.5686412453651428,0.43688175082206726,0.3426637351512909,0.6320437788963318,-0.5754124522209167,0.4325782358646393,0.342536598443985,0.17489270865917206,0.18950766324996948,-0.3436998128890991,-0.8911842107772827,-0.4275112450122833,0.39270398020744324,0.6174865961074829,0.6332411766052246,0.3167628347873688,-0.6120508313179016,0.23735222220420837,-0.8517214059829712,-0.71159827709198,-1.1023998260498047,-1.5054224729537964,-0.2889646291732788,0.38369977474212646,-0.20170091092586517,0.34512826800346375,-0.8101348876953125,-1.0225632190704346,-0.4411125183105469,-0.5737680196762085,-0.007391602266579866,-0.49709177017211914,0.7003210186958313,-0.3387444019317627,-0.7505180835723877,0.38588300347328186,-0.33192670345306396,-0.3919176161289215,0.47097986936569214,0.494319885969162,-0.5619574785232544,0.05153108388185501,-0.4974176585674286,-0.15956613421440125,0.5737720727920532,-0.8337495923042297,-0.17423126101493835,0.3061511814594269,-0.8298168778419495,0.6824731826782227,-0.12794961035251617,0.5268250107765198,-0.6460857391357422,1.0488719940185547,0.34824851155281067,0.32663366198539734,0.048740167170763016,-0.08201774209737778,0.2971612215042114,-0.7231505513191223,-0.033733561635017395,0.45695656538009644,-0.7437462210655212,-0.0955314040184021,-0.47619137167930603,0.3053635060787201,0.06528516113758087,0.07715550810098648,-1.2875745296478271,-0.16331271827220917,-0.25567734241485596,-0.21089611947536469,-0.6368309855461121,0.9837508797645569,-0.1605965942144394,-0.6146360635757446,-0.37285271286964417,0.2159668356180191,-0.3071736693382263,-0.27940377593040466,0.8169459700584412,0.8153073787689209,0.2912220060825348,0.7321994304656982,-0.4877549409866333,0.14708583056926727,-0.5464799404144287,-0.5734682083129883,-0.28183305263519287,-0.5541935563087463,0.6330536007881165,1.0177637338638306,0.1771126389503479,0.6461619138717651,0.7031779885292053,-1.036438226699829,-0.6943711042404175,-1.6115612983703613,-0.5064708590507507,-0.6339836716651917,-0.0031613458413630724,-0.15012551844120026,-0.141499862074852,0.508742094039917,0.061031147837638855,0.3575117886066437,0.728725254535675,-0.4096620976924896,0.903432309627533,0.32423466444015503,0.3312923312187195,0.3696801960468292,-0.5367629528045654,0.08711414784193039,0.6899412274360657,0.913754403591156
0.5392374396324158,-0.09658049046993256,-0.09602949768304825,0.06893008202314377,-1.089082956314087,-0.3852803111076355,-0.49670979380607605,-0.014359910041093826,-1.2790390253067017,-0.2008223682641983,-0.4571903347969055,0.4800322651863098,-0.03776033595204353,0.8695949912071228,0.5391891002655029,0.13023507595062256,0.3299097716808319,0.9791861176490784,-0.8188461661338806,0.4983266592025757,0.02428634651005268,-0.5940744280815125,0.18495523929595947,-0.15500374138355255,0.13000166416168213,-0.2585733234882355,0.7836140990257263,-0.7327194809913635,-0.8187341690063477,0.13096237182617188,-0.5981753468513489,-0.40753230452537537,0.06460271775722504,-0.0056084939278662205,-0.09539035707712173,-0.8423190116882324,-0.40887030959129333,0.2529526650905609,0.8997913002967834,0.29053622484207153,-0.16256900131702423,-0.09712833911180496,-0.8175923824310303,0.6019172668457031,0.9197814464569092,0.45317378640174866,-0.11338134109973907,0.05765991285443306,0.3409610688686371,-0.9210690259933472,0.8373400568962097,0.3472521901130676,-0.11205877363681793,0.3487129807472229,1.0327407121658325,1.3292264938354492,0.3450269103050232,0.026124002411961555,-0.0632854551076889,-0.1416318714618683,0.775738000869751,-0.026621541008353233,0.7919501066207886,0.38797473907470703,0.47201865911483765,0.11950516700744629,-0.4614451229572296,-0.2216700166463852,1.2695332765579224,0.9773278832435608,-0.5647919774055481,-1.0013904571533203,-0.23261849582195282,0.6215216517448425,-1.1492077112197876,0.024012072011828423,-0.47505345940589905,-0.9138575792312622,-0.675715446472168,-0.49346959590911865,-0.5540235042572021,-0.4588205814361572,-0.5908133387565613,0.03469754010438919,-0.336195170879364,-0.6874725818634033,0.6388701796531677,-0.11170347034931183,0.7863960266113281,0.07449502497911453,0.7134180665016174,-0.14546164870262146,-0.8869807124137878,0.7686658501625061,-0.01052498072385788,1.0722335577011108,0.2043049931526184,0.1384354829788208,-0.3689884841442108,0.4625643789768219,-0.8558675646781921,-0.4360770285129547,0.03743394836783409,0.2612707018852234,0.4386228024959564,-0.3645499348640442,0.3904986083507538,0.29130592942237854,0.3680707812309265,0.6126584410667419,0.5217318534851074,-0.12091696262359619,-0.42099490761756897,-0.6154035925865173,0.9143403768539429,0.5306885838508606,-0.8904160261154175,0.3610076904296875,0.1732620894908905,0.07991614937782288,0.3224567174911499,-0.4773145616054535,-0.3643261790275574,0.035200994461774826,1.0213305950164795,-0.2075774073600769,0.36281752586364746,0.21577081084251404
0.6835522651672363,0.8232202529907227,1.4290218353271484,-0.8965595960617065,-0.6823013424873352,-0.5885066986083984,-0.5648254752159119,0.4011319577693939,0.06923401355743408,-0.36468246579170227,-0.4628123342990875,0.8732076287269592,-0.19137431681156158,-0.4386824071407318,0.8599445223808289,-0.6085949540138245,0.57993084192276,0.3117101192474365,-0.8690717816352844,-0.08449701964855194,0.13500206172466278,-0.60246741771698,-0.40143883228302,-0.4264094829559326,-0.10946501791477203,0.22076520323753357,1.0988590717315674,-0.3400194048881531,-0.16726042330265045,-0.004688806366175413,0.49179866909980774,0.001104622846469283,-0.6328896880149841,0.01243471261113882,-0.05394703522324562,-0.24632973968982697,0.14767080545425415,1.001295566558838,0.3955794870853424,-0.6201288104057312,-0.591228187084198,-0.21749769151210785,-0.12066252529621124,0.04551851004362106,-0.36283159255981445,0.03699415922164917,0.4931643605232239,0.05528537556529045,0.707257866859436,0.09595020115375519,0.7321829199790955,-0.28468793630599976,0.07321041077375412,0.6309681534767151,0.00868415180593729,0.1990654617547989,0.16016247868537903,0.016392948105931282,-0.26026222109794617,0.2738572955131531,-0.2821052372455597,0.5849044322967529,0.2545311152935028,0.508694589138031,0.9651022553443909,0.13087092339992523,-0.878631055355072,0.5405887961387634,0.3374142348766327,-0.2730172574520111,-0.671435534954071,-1.0713781118392944,0.7581989169120789,-0.07232797890901566,-0.43989405035972595,-0.33220937848091125,-0.6665665507316589,-0.969111442565918,-0.1031363233923912,-0.4881289601325989,-0.16186964511871338,-0.42639005184173584,0.3855418562889099,0.034416865557432175,0.3699682652950287,0.7594311833381653,0.4791891574859619,-0.6414522528648376,-0.5067731738090515,-0.09176027774810791,0.4322547912597656,-0.284833163022995,-0.1749592423439026,0.6852738857269287,-0.7890686988830566,-0.02494359388947487,0.0636305883526802,0.21083281934261322,-0.24332423508167267,-0.28356972336769104,0.39106491208076477,-0.8090671300888062,0.7548348307609558,0.5427756309509277,0.705101728439331,0.8715502023696899,-0.16074064373970032,0.3230670690536499,-0.0008403442916460335,-0.8327611684799194,-0.21659569442272186,-0.2911485433578491,-0.18316006660461426,0.3369956314563751,0.45674556493759155,0.11510415375232697,0.16433431208133698,0.018444862216711044,0.6362596154212952,-0.6385997533798218,-0.03879381716251373,0.4571027159690857,-0.37111908197402954,0.4526095390319824,-0.4820827841758728,0.6145776510238647,-0.17412309348583221,0.6266709566116333
0.2909473478794098,0.6158398985862732,-0.014560089446604252,-0.12101274728775024,-0.4065261781215668,0.09651359170675278,0.06715184450149536,0.8129557371139526,-0.6818811893463135,-0.1929612159729004,-0.1173795685172081,0.5233025550842285,-0.1462627500295639,-0.3617236614227295,0.3638509511947632,0.7842087745666504,-0.9822749495506287,0.7109517455101013,0.22445793449878693,0.19847553968429565,1.0973329544067383,0.4344768822193146,0.6620957255363464,-1.175560474395752,0.005928783677518368,-0.8943647146224976,0.7168257236480713,-0.24897077679634094,-0.10957828164100647,0.007385692559182644,-1.1746163368225098,-1.1303343772888184,-0.36572718620300293,-0.8455687761306763,-0.09242350608110428,0.4962661862373352,-0.3176814913749695,0.09647959470748901,-0.12479093670845032,0.41243621706962585,-0.18309153616428375,0.5896552801132202,-0.36922818422317505,0.23570550978183746,-0.5998204946517944,0.496317058801651,-1.2065600156784058,-0.9505542516708374,-0.4026585817337036,-0.2599497139453888,0.7004453539848328,0.9322547316551208,-0.3405657112598419,0.604328453540802,0.35734182596206665,0.4913536310195923,0.2181113064289093,-1.1974338293075562,-0.6132280230522156,-0.5910623669624329,0.2240212857723236,0.17228703200817108,0.3511899709701538,-0.11935850232839584,-0.04546452313661575,0.17405521869659424,-0.3500269949436188,0.5628518462181091,1.026368260383606,0.27964529395103455,-0.8270107507705688,-0.21498055756092072,-0.1474233865737915,0.11084698140621185,-0.1836356371641159,0.38153690099716187,0.014113059267401695,-0.07092606276273727,-0.5648508071899414,-0.4520722031593323,-0.7644879221916199,0.22860810160636902,-0.326501727104187,-0.6374456882476807,-0.46284863352775574,0.017683012410998344,0.09189870208501816,0.05779460072517395,0.27235355973243713,0.24372166395187378,0.8434913754463196,-0.23009590804576874,0.09717772156000137,0.5411460399627686,0.8837591409683228,0.7759537100791931,-0.9304056763648987,-0.6047606468200684,0.2040768265724182,-0.2184963822364807,-0.25134092569351196,-0.37012526392936707,-0.6122796535491943,0.6418860554695129,-0.20687159895896912,0.5025972723960876,0.3983939588069916,-1.0313018560409546,-0.33037543296813965,-0.19429196417331696,0.21526889503002167,-0.15040066838264465,0.2985302209854126,0.23281711339950562,0.4130997359752655,0.5502027273178101,-0.2025868445634842,0.5716370940208435,-0.14880268275737762,-0.4740370512008667,0.39464864134788513,0.3495328426361084,0.22200201451778412,1.0234004259109497,0.03947081044316292,0.13896316289901733,-0.12595072388648987,-0.581406831741333
0.5552743077278137,0.46337538957595825,0.8192847967147827,0.1344318389892578,-0.7270100712776184,-0.40356945991516113,-0.09672079235315323,-0.5767248868942261,-0.08485370874404907,-0.2866024971008301,0.48497793078422546,-0.3417051136493683,-0.09048378467559814,0.6248981356620789,0.6390924453735352,-0.07206785678863525,-0.10714958608150482,0.9447351098060608,0.11747660487890244,0.5572255849838257,-0.12709465622901917,-1.0214649438858032,0.23880961537361145,0.22536267340183258,-0.13084183633327484,0.006478902883827686,0.8460355401039124,-1.3296117782592773,-0.6180766224861145,0.7354773879051208,0.07121244072914124,0.24368055164813995,-0.18249912559986115,0.48457053303718567,-0.2563250958919525,-0.3777790069580078,0.2679862380027771,0.5253351926803589,1.126886248588562,-0.6302339434623718,-0.04344163089990616,0.15412229299545288,-0.23610460758209229,0.3560754060745239,1.4498964548110962,0.8050193786621094,0.032313089817762375,-0.3662579357624054,0.5567894577980042,-1.1390694379806519,0.4056984484195709,0.3637024462223053,-0.03243979439139366,-0.09637106955051422,0.24705372750759125,0.9602568745613098,-0.48630520701408386,-0.7615976333618164,0.09892462939023972,0.5322027206420898,-0.10333683341741562,0.052350517362356186,0.17686349153518677,0.2328539937734604,0.8894035816192627,1.0837304592132568,-0.17623087763786316,0.24895517528057098,0.7460265159606934,-0.6528887152671814,-0.13323688507080078,-0.057293906807899475,0.07648853212594986,0.26153841614723206,-0.364671915769577,-0.1905272901058197,-0.3186260163784027,-0.9313353896141052,0.0471431165933609,-0.7515797019004822,-0.18528683483600616,-0.3489282429218292,0.524811863899231,0.2709689438343048,0.09204280376434326,0.7332267165184021,0.2321975976228714,-0.9483280181884766,0.12826918065547943,0.2054436057806015,0.7321382164955139,0.4907962679862976,0.0516914539039135,0.5790178775787354,-0.4722425043582916,-0.030294107273221016,-0.6772629022598267,0.2654076814651489,-0.41993457078933716,0.17744651436805725,0.2850610017776489,-0.7732470631599426,1.2195662260055542,-0.09476447105407715,0.8140541911125183,0.3867402970790863,0.7434231042861938,-0.29622089862823486,-0.6210144758224487,-0.21283522248268127,-0.8348713517189026,-0.3679085373878479,-0.5511509776115417,-0.45595040917396545,0.3738577365875244,0.570724606513977,-0.22505304217338562,0.14974793791770935,0.013951197266578674,-0.13968238234519958,0.019356220960617065,0.0864587277173996,0.11287648230791092,0.4608903229236603,-0.08992980420589447,0.8603014349937439,-0.4308272898197174,1.3902226686477661
0.7294161915779114,0.8722745180130005,0.4623008668422699,-0.4616765081882477,-0.398675799369812,-0.2668922543525696,-0.6293985843658447,0.24873612821102142,-0.5708375573158264,-0.6371152400970459,-0.718555212020874,1.153422474861145,-0.053921494632959366,0.9954400062561035,-0.27602460980415344,0.7146142721176147,0.2665608823299408,0.5287353992462158,-0.20739516615867615,0.8577033877372742,-0.11233097314834595,-0.47083163261413574,-0.08558115363121033,-1.4306931495666504,0.29627782106399536,-0.5341173410415649,0.34032705426216125,0.12819790840148926,0.08790630102157593,-0.257041335105896,-0.6310138702392578,-0.2998341917991638,-0.298723429441452,-0.3844990134239197,-1.0150026082992554,0.31582480669021606,0.4683515429496765,-0.031469035893678665,0.5586543679237366,-0.16070184111595154,-0.5508454442024231,-0.24186041951179504,-0.6617671251296997,-0.2531120777130127,-0.28785356879234314,-0.1379893720149994,-0.04879150167107582,-0.3748915195465088,0.08222658187150955,-0.2079973667860031,-0.0030073984526097775,0.3854205012321472,0.09538325667381287,0.31209051609039307,0.9555153250694275,0.034588322043418884,0.6868546605110168,-0.45813751220703125,0.05534982308745384,0.1465999037027359,-0.13252344727516174,0.2612486183643341,-0.12511098384857178,-0.21583835780620575,0.36788704991340637,-0.3039572536945343,0.2989429235458374,0.10943614691495895,0.21727745234966278,0.40518176555633545,0.5847176909446716,-0.5205323100090027,0.4988252520561218,-0.18894895911216736,0.0007257290999405086,-0.023750655353069305,-0.43283161520957947,0.2446688711643219,0.07814814150333405,0.4091068506240845,-0.7958949208259583,-0.7701131105422974,-0.37191858887672424,-0.7213242053985596,-0.6426644921302795,0.12703412771224976,0.761471152305603,0.33388853073120117,0.16712051630020142,-0.6632664799690247,0.15285731852054596,-0.3132196366786957,-0.1408759206533432,0.5784590840339661,0.3854306638240814,0.35760772228240967,-0.18927018344402313,0.3435894548892975,-0.018278654664754868,-1.0415962934494019,-0.3008102774620056,-0.5079021453857422,-0.3976011872291565,0.39009296894073486,0.9863488078117371,0.2950243353843689,0.5708304047584534,-0.7525654435157776,-0.5202513337135315,-0.3278197944164276,0.5931470394134521,-0.05197235569357872,0.4929512143135071,-0.47791799902915955,-0.039449699223041534,0.8560863733291626,-0.5411655902862549,0.7967222332954407,0.060281962156295776,-1.1675622463226318,0.35524213314056396,-0.27048563957214355,0.4056569039821625,0.9027644991874695,-0.19276610016822815,0.3259370028972626,1.1629124879837036,-0.09923630952835083
-0.05542483553290367,0.9342027902603149,0.727849006652832,-0.6531776189804077,-0.08180315792560577,-0.577806830406189,-0.21228697896003723,0.10331279039382935,-0.16965922713279724,-0.3566253185272217,-0.4896833896636963,0.4311981797218323,-0.29167863726615906,-0.23587822914123535,0.31406959891319275,-0.418587863445282,-0.05875006318092346,0.10707506537437439,-0.09011049568653107,0.9198615550994873,0.7791551351547241,-0.04616168886423111,-0.4198733866214752,0.03594101592898369,0.23289108276367188,0.29688695073127747,0.38959449529647827,0.1328405737876892,-0.6988527774810791,0.6115966439247131,-0.5057415962219238,-0.3619508445262909,-0.8716503381729126,-0.8034196496009827,-0.27983176708221436,0.1459321677684784,-0.6619077324867249,0.9436987638473511,0.5014721751213074,-0.132615864276886,-0.8608394265174866,0.06625805795192719,0.08768022805452347,-0.6158187985420227,0.8516390919685364,-0.12666070461273193,-0.9615752100944519,0.46350088715553284,0.17170080542564392,-0.8213108777999878,1.0804994106292725,-0.05653353035449982,-0.017470482736825943,0.5438925623893738,-0.30499616265296936,0.19682319462299347,0.47336217761039734,-0.4339262843132019,-0.3005864918231964,0.5553076267242432,0.15414392948150635,0.3976443409919739,0.6679456233978271,0.7577753067016602,-0.18268775939941406,0.6613449454307556,-0.34402230381965637,-0.32512757182121277,0.6390472650527954,-0.5348291993141174,-0.40778568387031555,-0.38245290517807007,0.3482659161090851,-0.06983430683612823,-0.6965851187705994,-0.39078637957572937,0.261081725358963,-0.4673076570034027,-0.1448209136724472,-0.06757891178131104,-1.0569510459899902,0.20529046654701233,-0.23455801606178284,-0.2723833918571472,-0.6419103741645813,0.40568485856056213,-0.0904550552368164,-0.6211869716644287,-0.1468495875597,0.038759518414735794,-0.16768518090248108,-0.4127994775772095,-0.34682464599609375,0.29226329922676086,0.3634651303291321,0.0887533500790596,0.06311898678541183,0.12421590089797974,-0.254263311624527,-0.113251693546772,-0.34844091534614563,0.09674785286188126,0.34900805354118347,0.8476573824882507,0.4512295424938202,0.8941741585731506,0.8247728943824768,-0.2789829671382904,-0.04836086183786392,-0.38026875257492065,-1.026528239250183,-0.6446992754936218,-0.57438063621521,-0.24030035734176636,0.557708740234375,-0.01586390845477581,0.4226684868335724,-0.20695306360721588,0.5899345874786377,-0.0977979451417923,0.09280512481927872,0.977914571762085,0.3451448678970337,-0.16208064556121826,-0.07518463581800461,0.4055030941963196,0.6867389678955078,1.0293115377426147
-0.0022346016485244036,-0.41009971499443054,0.40804243087768555,-0.2976718842983246,-0.87887042760849,-0.2860754430294037,-0.3480866253376007,0.2924582362174988,0.06624161452054977,-0.3487215042114258,-0.6917784810066223,0.06931654363870621,-0.203973188996315,-0.45729711651802063,0.507551372051239,0.8793832659721375,0.027177264913916588,0.900669276714325,-0.35163578391075134,-0.432179719209671,0.0035714858677238226,0.14128649234771729,-0.1567307859659195,-0.7011820673942566,0.1813027560710907,0.10422497987747192,0.40454748272895813,-0.08028391003608704,-0.3708654046058655,-0.6119804382324219,-0.9374407529830933,-0.1319136917591095,-0.340779185295105,0.11785481870174408,-0.49314066767692566,0.40542516112327576,-0.08085627853870392,0.37029168009757996,-0.5960862040519714,-0.42269960045814514,-0.2719203233718872,0.5419646501541138,-0.6114673614501953,0.39087358117103577,-0.07975751906633377,-0.170485720038414,0.48860302567481995,-0.03939307481050491,-0.19909551739692688,-0.23078343272209167,0.43950751423835754,1.0504804849624634,-0.29501035809516907,-0.30535364151000977,0.1379082351922989,0.5567168593406677,-0.022931303828954697,-0.9450905919075012,0.3401321470737457,-0.42638957500457764,-0.3126487135887146,0.22639355063438416,0.3488134741783142,-0.1956976354122162,-0.23940341174602509,0.1415717899799347,-0.2601686418056488,1.0005402565002441,-0.3288329541683197,0.6035497188568115,-0.7096320986747742,-0.42432525753974915,0.008085831068456173,0.7401024699211121,-0.0806766226887703,0.6355551481246948,-0.6509966254234314,-0.1462268978357315,-0.45757219195365906,-1.1124409437179565,-0.5830835103988647,0.0634244829416275,-0.6970337629318237,-0.7622143626213074,-0.6083583235740662,0.4989030063152313,0.5558135509490967,-0.4080177843570709,0.1325177401304245,0.04606032371520996,0.8686559200286865,-0.293342262506485,-0.12491746246814728,0.27051061391830444,-0.7614362835884094,1.3104809522628784,-0.4874636232852936,-0.3561878502368927,0.06360312551259995,-0.1156926155090332,-0.657869279384613,-0.5550288558006287,0.9788182973861694,1.1634660959243774,0.7561537623405457,0.7549090385437012,0.923518717288971,-0.7064230442047119,-1.0023198127746582,-0.5930846333503723,-0.34357601404190063,-0.31315672397613525,0.2411477416753769,-0.2627244293689728,0.5510206818580627,0.7458493113517761,-0.4078879952430725,1.1055066585540771,0.4412826895713806,-0.9394338130950928,0.36377882957458496,-0.31887295842170715,-0.3875652551651001,1.2683935165405273,-0.015082238242030144,0.6731899380683899,-0.34411075711250305,0.5290127992630005
0.8247799277305603,0.0108241718262434,-0.6746856570243835,-0.7389512658119202,-0.15741769969463348,-0.42452868819236755,-0.2604120671749115,-0.4679514169692993,-1.0435858964920044,-0.08375222980976105,-0.2550686001777649,0.9604071974754333,-0.22266405820846558,0.4689689576625824,0.4800315499305725,0.2699128985404968,-0.38042521476745605,0.7880757451057434,-0.5249894857406616,-0.11954908072948456,-0.15590918064117432,0.10533251613378525,-0.19426359236240387,-0.47799283266067505,-0.10956352204084396,-0.967988133430481,0.17926253378391266,-0.4311178922653198,0.12798582017421722,-0.018282180652022362,0.13614918291568756,-1.3688403367996216,0.1403229683637619,-0.2630617320537567,-0.36021721363067627,-0.34839683771133423,-0.3352779746055603,0.431618869304657,0.6250958442687988,-0.20710815489292145,0.3053031861782074,-0.47595861554145813,-0.38007625937461853,-0.17375580966472626,1.2777987718582153,0.9346838593482971,-0.5199846029281616,0.7596011757850647,0.10156337171792984,-0.7579312920570374,0.5669879913330078,0.2612755000591278,0.4770349860191345,0.7431021928787231,0.06416994333267212,0.9070619344711304,-0.05617409944534302,0.3306223154067993,-0.9179682731628418,0.4270481765270233,0.2790479362010956,0.5988943576812744,-0.3630496561527252,0.5631043314933777,0.8779781460762024,0.1324874758720398,-1.096462368965149,-0.18945376574993134,1.7641797065734863,-0.10321963578462601,-0.5907723307609558,-0.4140174388885498,0.7778972387313843,0.2084772139787674,-0.04747447744011879,0.012210497632622719,-0.09889910370111465,-0.7112604379653931,-0.4225427210330963,-0.3794242739677429,-0.5123943090438843,-0.8520826697349548,-0.22006595134735107,0.1822839379310608,-0.13432464003562927,0.6009548902511597,0.9672852158546448,-0.4666650593280792,-0.09958049654960632,-0.7003996968269348,0.2112726867198944,1.0321353673934937,0.5602911114692688,0.04329162836074829,0.6351674199104309,0.38286325335502625,0.4885520935058594,0.2936311662197113,0.33584436774253845,-1.0379607677459717,0.5305520296096802,-0.9653443694114685,-0.1112230196595192,0.06519192457199097,0.4258769750595093,0.23346781730651855,0.7095462679862976,-0.3712412118911743,0.1800844669342041,-0.43333497643470764,0.0018954152474179864,-0.6630624532699585,0.19898934662342072,-0.1279582381248474,0.2542016804218292,0.304651141166687,-0.26969003677368164,0.16485103964805603,-0.269849956035614,0.04282878339290619,-0.2436099499464035,0.4386959373950958,-0.03022989258170128,0.11564938724040985,-0.372672975063324,0.3442661762237549,0.2114907056093216,0.10838790237903595
0.8372341990470886,1.340812087059021,2.023655891418457,-1.3385813236236572,-0.8925370573997498,-0.44594281911849976,-0.15760383009910583,1.1723262071609497,-0.0066846758127212524,-1.7579395771026611,-0.3927471935749054,0.5941230058670044,-0.48160070180892944,-0.5943299531936646,0.6697354912757874,-0.06009658798575401,0.2868943214416504,1.1396881341934204,-0.5901764035224915,1.0427734851837158,0.1097811907529831,0.08125878870487213,0.021698445081710815,-0.622186005115509,-0.5810768008232117,0.4559760093688965,0.8386493921279907,-0.5482162833213806,-1.0219693183898926,-0.24515226483345032,-0.32500410079956055,-0.5744683146476746,-0.7337021827697754,-0.661698043346405,0.055352918803691864,-0.4307399094104767,0.2894149124622345,-0.08506264537572861,-0.063374362885952,-0.078246109187603,-1.0027551651000977,0.3214038014411926,0.2771523892879486,-0.5555280447006226,-0.07191172987222672,0.5036327242851257,-0.5933322906494141,-0.5129228234291077,0.3451381027698517,-0.5708019733428955,1.009845495223999,0.20040546357631683,0.09525417536497116,-0.2629341781139374,0.8334740400314331,0.09829944372177124,0.1718665212392807,-1.2502614259719849,0.15714791417121887,0.1631757616996765,-0.06811465322971344,0.09811677038669586,0.6961739659309387,-0.40703603625297546,-0.7643598914146423,0.7219376564025879,-0.35533180832862854,0.33369529247283936,-0.019819453358650208,0.2738194465637207,-0.49318206310272217,0.04702823981642723,-0.24481992423534393,0.48223957419395447,-0.5561951398849487,-0.5464960932731628,0.07183122634887695,-0.4299947917461395,0.01664298214018345,-0.6758317947387695,-0.2720549702644348,-0.07292400300502777,-0.27624550461769104,0.021814744919538498,0.10445231944322586,-0.49358201026916504,0.19549959897994995,-0.41378477215766907,0.25607919692993164,0.5976992845535278,0.03843725100159645,-0.633514940738678,-0.08884760737419128,0.47807571291923523,0.34301501512527466,0.1630573570728302,-0.6035888195037842,0.1655227690935135,-0.781546413898468,0.3651837706565857,-0.7269139289855957,0.5935676693916321,-0.1183953508734703,0.29334545135498047,0.2918958365917206,0.01487010158598423,-0.19088417291641235,-0.17513197660446167,-0.04765380173921585,0.0781707689166069,-0.8516815900802612,-0.3960936665534973,-0.26487377285957336,-0.23752468824386597,0.0028955074958503246,-0.2056446671485901,-0.21791081130504608,0.14075224101543427,0.4246695339679718,-0.0196234043687582,0.7165108919143677,-0.30226871371269226,0.514203667640686,0.7086816430091858,0.11307691037654877,-0.07964985072612762,-0.05212663114070892,0.04643687233328819
1.1133593320846558,1.3325886726379395,-0.05238531529903412,-0.3793697953224182,-0.6991646885871887,-0.11960648000240326,-0.1682492345571518,0.735957682132721,-0.875153124332428,0.01378435455262661,0.1690565049648285,0.9108084440231323,-0.46637284755706787,-0.20424510538578033,0.9965425133705139,0.4180586040019989,-0.13401749730110168,-0.14470210671424866,-0.6127336025238037,0.3834438920021057,0.10003852844238281,-0.6295251250267029,0.47270798683166504,-0.5436532497406006,-0.3677460849285126,-1.0281329154968262,0.5914503335952759,-0.229836568236351,-0.5811596512794495,-0.03950495272874832,-0.5207396149635315,-0.5880157351493835,-0.30149534344673157,-0.4134773015975952,-0.010632513090968132,-0.786705493927002,-0.5491662621498108,0.36599236726760864,1.1429736614227295,-0.5655335187911987,-0.2261151373386383,1.156985878944397,0.17257806658744812,0.4825330674648285,0.9956284761428833,-0.012611916288733482,0.4346303939819336,-0.16334369778633118,-0.7641758918762207,-0.04009183123707771,0.509770929813385,1.030721664428711,0.6640627384185791,0.020844748243689537,0.8232365846633911,0.796108067035675,0.0933532565832138,-0.06693710386753082,0.20279628038406372,0.25093403458595276,-0.29887813329696655,-0.45370015501976013,0.35164299607276917,0.6919835805892944,1.1207103729248047,-0.0009753020713105798,0.17518624663352966,0.6844269633293152,-0.19918084144592285,-0.9751718640327454,-0.625320553779602,-0.6992122530937195,0.07128771394491196,-0.24867236614227295,-0.46610262989997864,-0.764945387840271,-0.3266262114048004,0.16007907688617706,-0.5086562037467957,1.0328177213668823,-0.42817237973213196,0.535824716091156,0.15988582372665405,-0.09263096004724503,-0.11718307435512543,0.7672985792160034,-0.5452457666397095,0.2475559562444687,0.33819520473480225,-0.6147968173027039,0.3224528431892395,0.028391560539603233,0.3211086392402649,0.741474449634552,0.21711325645446777,0.19662052392959595,0.050938963890075684,-0.4016934931278229,0.8417553305625916,-0.14279009401798248,0.3916432559490204,-0.35936859250068665,0.7980064153671265,-0.015779761597514153,0.18010656535625458,0.2744554281234741,0.569201648235321,-0.4791010320186615,0.23712095618247986,-0.29634153842926025,0.10247069597244263,0.4137735664844513,-0.00010878475586650893,-0.33461794257164,-0.12841372191905975,0.13628093898296356,0.01705317758023739,0.995804488658905,0.4224175810813904,-0.08851457387208939,0.10678715258836746,1.3688058853149414,-0.1266297549009323,0.35893094539642334,-0.8358832001686096,0.32948994636535645,0.1651010513305664,0.24912011623382568
0.11238092929124832,0.6582194566726685,0.07370991259813309,0.1476893573999405,0.13152486085891724,0.2548258304595947,0.22026191651821136,0.011713623069226742,0.3199840486049652,-0.4349516034126282,0.5066685676574707,0.2702200710773468,-0.16008032858371735,0.8348049521446228,-0.4910743534564972,0.09289708733558655,-0.4048651456832886,0.30725017189979553,0.5473143458366394,0.7364471554756165,0.6409013867378235,-0.33970212936401367,0.33834099769592285,-0.12115845829248428,0.49475938081741333,-0.053366608917713165,0.8328653573989868,-0.48094800114631653,-0.3101874589920044,0.03664291650056839,0.05623659864068031,0.33338844776153564,0.10019654035568237,-0.4483155608177185,-0.04950356483459473,0.22382168471813202,0.07831048220396042,-0.11368563026189804,0.7521005272865295,0.777496874332428,-0.5293099880218506,-0.4551888704299927,-0.07387986779212952,-0.4338861107826233,-0.6882844567298889,-0.01782655343413353,-1.000714659690857,-0.5887293815612793,0.8093178868293762,-0.8082341551780701,0.7563836574554443,0.12067591398954391,-0.5666865706443787,1.0647255182266235,-0.07333490997552872,0.5359264016151428,-0.04154640808701515,-0.7931426167488098,-0.37655216455459595,0.6167576313018799,0.15571320056915283,0.816811203956604,0.7154990434646606,0.6163467764854431,0.8664705157279968,0.21403071284294128,-1.023642897605896,0.5775928497314453,1.2084416151046753,-0.05551191791892052,-0.06305872648954391,-0.19620127975940704,0.9162030816078186,-0.2556034028530121,-0.3482740521430969,-0.031173061579465866,-0.5884926319122314,-0.5761948227882385,-0.06642737239599228,-0.6850783228874207,-0.6888504028320312,-0.8759702444076538,0.08021337538957596,-1.0340421199798584,-0.8023467063903809,0.5478401780128479,1.1001337766647339,-0.4756130278110504,0.1544724702835083,-0.469219446182251,1.1033574342727661,-0.39788198471069336,-0.36643439531326294,0.5665701031684875,0.5183531045913696,0.5692219734191895,-0.2779543101787567,-0.1804305762052536,0.07480488717556,-0.47677963972091675,0.2959601879119873,-0.6951955556869507,-0.42323818802833557,0.6411327123641968,1.1361957788467407,0.5756008625030518,0.476913183927536,-0.5393591523170471,-0.8991304039955139,-0.38295185565948486,0.29584020376205444,-0.7009190917015076,0.22676022350788116,0.13733156025409698,0.5398420095443726,0.8960068225860596,-0.2964809834957123,0.8880295157432556,-0.08907037228345871,-0.824107825756073,-0.191903755068779,0.20923586189746857,0.14224621653556824,0.48490920662879944,-0.23107752203941345,-0.09542496502399445,0.19311746954917908,0.7747129797935486
0.9418427348136902,0.29343539476394653,0.4961865246295929,-0.8903698325157166,-0.8563904762268066,-0.5288727879524231,-0.25021153688430786,-0.21312642097473145,-1.0783960819244385,-1.2804750204086304,-0.6383004188537598,0.9756291508674622,-0.822541356086731,0.44214925169944763,1.0011237859725952,0.8291755318641663,0.3753858506679535,1.3415460586547852,-0.6301153898239136,0.6659702658653259,-0.08324432373046875,-0.45408135652542114,-0.41178175806999207,-1.437524676322937,-0.19966717064380646,0.3400656282901764,0.7653864622116089,-0.6236494183540344,-0.43031468987464905,0.12764862179756165,-1.6856786012649536,-1.5771396160125732,-0.0733451098203659,-0.6561739444732666,-0.8699531555175781,-0.21739791333675385,0.19529099762439728,1.214992642402649,0.15825927257537842,-0.45998191833496094,-0.6143152713775635,0.21818910539150238,-0.12396430224180222,0.06001468002796173,1.0327210426330566,0.18836143612861633,0.4209437072277069,-0.12306295335292816,-0.3729345202445984,-0.46850675344467163,-0.08062982559204102,0.6832603216171265,0.21453797817230225,0.10560473799705505,0.09781967848539352,-0.2909034192562103,0.29463991522789,-0.812723696231842,-0.2024115025997162,0.7554944157600403,-0.5520673990249634,0.6293754577636719,0.12314728647470474,0.1022520437836647,0.6864328980445862,0.2373298704624176,0.08408280462026596,0.7696753740310669,0.545872688293457,-0.6170332431793213,-0.891685962677002,-0.21934933960437775,-0.37462326884269714,1.336692214012146,-0.35928982496261597,-0.40648382902145386,0.49647197127342224,0.47725480794906616,0.016064798459410667,-0.2974984347820282,0.14325197041034698,-0.05731857195496559,-0.4039226472377777,0.49514591693878174,0.024534286931157112,-0.21132485568523407,-0.13728265464305878,-0.2800564765930176,0.025686897337436676,0.08915168046951294,-0.8334107995033264,0.509654700756073,0.2792125344276428,-0.6067427396774292,-0.6613298654556274,0.34120678901672363,0.4328932762145996,-0.04321572184562683,-0.008828015066683292,-0.5048922896385193,0.23783166706562042,-0.63724684715271,0.3791109621524811,-0.08236168324947357,0.4466651678085327,0.14711174368858337,0.9338425397872925,-0.14181634783744812,0.4566287696361542,-0.7259246110916138,-0.16890782117843628,-0.5601291060447693,-0.5752097964286804,-0.22752785682678223,-0.03351474925875664,-0.5035032033920288,-0.3600896894931793,0.6060845255851746,0.9724525809288025,-0.31656160950660706,0.25808030366897583,-0.17610181868076324,0.3471616208553314,0.23150348663330078,0.23653604090213776,0.617023766040802,0.10891357809305191,0.38798201084136963
0.16607673466205597,0.9700800180435181,0.470590740442276,-0.09587854146957397,0.035214006900787354,-0.37080588936805725,-0.5155871510505676,0.5124515891075134,-0.15705198049545288,0.38216647505760193,-0.32836592197418213,-0.12531742453575134,0.19384102523326874,-1.3027738332748413,1.3038181066513062,0.5624366402626038,-0.0015767583390697837,-0.15289506316184998,-0.41516703367233276,-0.5297669172286987,0.2682860195636749,-0.12771901488304138,0.5039988160133362,-0.27953943610191345,-0.21578726172447205,-0.5118253231048584,-0.10596422106027603,-0.173421248793602,0.16982106864452362,-0.22355037927627563,0.018519483506679535,-0.495776891708374,-0.3064440190792084,-0.04364500194787979,-0.4996146559715271,0.03268302604556084,-0.15716052055358887,0.5509556531906128,0.596077561378479,-0.3051625192165375,-0.5112981200218201,0.5259835124015808,0.22465476393699646,-0.2808667719364166,0.3632168173789978,0.15037453174591064,-0.5246947407722473,-0.43575146794319153,-0.8263135552406311,-0.2648317813873291,0.6188740730285645,0.9272529482841492,0.5178830623626709,0.004439053125679493,0.4943358302116394,0.69737708568573,0.1669781506061554,-0.6418303847312927,-0.5456075072288513,-0.0392034649848938,0.1475762277841568,-0.38847634196281433,-0.12845593690872192,-0.30312198400497437,-0.5244073271751404,0.43190550804138184,0.049476508051157,0.28476136922836304,0.38742300868034363,0.5245563387870789,-1.0138494968414307,0.01345518883317709,0.32316854596138,0.04789755120873451,-0.17705580592155457,-0.19314740598201752,-0.39801546931266785,-0.821753203868866,-1.0137616395950317,0.5975659489631653,-0.593092143535614,-0.2576949894428253,0.22809427976608276,-0.9258761405944824,-0.6355603933334351,0.0671859011054039,0.19395534694194794,-0.591092586517334,-0.2969813048839569,-0.22417853772640228,1.0713212490081787,-0.08706237375736237,0.5109544396400452,1.042739987373352,0.3062218725681305,1.6496448516845703,-0.6579701900482178,0.35185614228248596,0.3809013068675995,0.023212231695652008,-0.6551036834716797,-0.122407928109169,0.01797283999621868,0.725028932094574,0.9939006567001343,1.2730995416641235,1.2234091758728027,-0.3601354658603668,-0.7548247575759888,0.32828009128570557,-0.4983051121234894,-0.4975852966308594,-0.08753526210784912,-0.6072819828987122,0.4151257872581482,0.036519214510917664,0.04075264185667038,0.6145099997520447,-0.17803847789764404,-0.715879499912262,-0.2170153558254242,0.642948567867279,0.010715958662331104,0.9671387672424316,-0.17306362092494965,0.5987627506256104,0.22553938627243042,0.5762730836868286
0.5091456174850464,-0.5009693503379822,0.399046391248703,0.37548014521598816,-0.07903634756803513,-0.40215951204299927,-0.1203916147351265,0.3279619812965393,0.052506446838378906,-0.6449660062789917,-0.24469301104545593,0.5180888772010803,-0.7104238271713257,0.01938699558377266,0.5954051613807678,-0.331258624792099,-0.25465598702430725,-0.19177255034446716,-0.759874701499939,-0.005791115574538708,0.17085817456245422,0.6284436583518982,0.14043091237545013,-0.016110282391309738,-0.19836808741092682,0.2825374901294708,-0.18243633210659027,0.26857438683509827,0.0554097555577755,-0.7643675804138184,-0.4199620485305786,0.2518312335014343,-0.6525089740753174,-0.24650809168815613,0.3393046259880066,-0.20426975190639496,-0.7506816387176514,0.05441579222679138,0.978351891040802,-1.2269620895385742,-0.3349526524543762,0.02759706974029541,-0.0712549164891243,0.48311811685562134,0.9310025572776794,0.8675249218940735,-0.329098641872406,0.5853503346443176,-0.0428767129778862,-0.4955778419971466,1.3095107078552246,1.3942903280258179,0.1280629187822342,0.35591650009155273,0.8659080266952515,-0.22158075869083405,0.5301777124404907,-0.6402191519737244,0.34389859437942505,0.5827118754386902,0.03128470480442047,0.32611989974975586,0.2149515300989151,0.6053751111030579,0.45649033784866333,0.18458116054534912,-0.21890361607074738,-0.06779021769762039,0.6269281506538391,0.4190332293510437,-0.24037332832813263,-0.7256174683570862,0.5086949467658997,0.3695515990257263,-0.9645093679428101,0.3245405852794647,-0.8953969478607178,0.6307583451271057,-0.1887582391500473,-0.08097244799137115,-0.6218163371086121,-0.595440685749054,-1.2666034698486328,0.1831892877817154,0.1194034144282341,1.3694711923599243,0.8396195769309998,-0.3844420611858368,-0.2958993911743164,-0.43887877464294434,-0.7054019570350647,-0.5965531468391418,0.2939169704914093,1.044808030128479,-0.03371759504079819,0.8135893940925598,0.4432792067527771,-0.2526625394821167,0.5421379804611206,-0.7265322804450989,-0.44539451599121094,-1.0309430360794067,-0.09384863823652267,0.4880417287349701,0.774642825126648,0.48331591486930847,1.0160452127456665,-0.7467070817947388,-0.8204193711280823,-1.326324462890625,-0.11114709824323654,-1.0543122291564941,-0.2589387595653534,-0.9129621386528015,0.43091028928756714,1.0412884950637817,-0.5204617381095886,1.1407217979431152,0.41131654381752014,0.0221712663769722,-0.2627682685852051,-0.17305490374565125,0.19233392179012299,1.2105127573013306,0.481720894575119,0.08131276816129684,0.4673970639705658,0.2000225931406021
0.41537341475486755,0.9060544371604919,-0.28383076190948486,-0.799884557723999,0.14707741141319275,-0.2486823946237564,0.21886961162090302,0.15524008870124817,-1.216889500617981,0.05055713281035423,-0.2987395226955414,0.302491694688797,-0.0726671889424324,-0.39999908208847046,-0.38890540599823,0.0013061853824183345,-0.051599789410829544,0.27792301774024963,0.40334129333496094,0.510991096496582,-0.6849508285522461,-0.8446291089057922,0.00815077405422926,-0.5479902029037476,-0.36771276593208313,-0.6342549920082092,0.6876294612884521,-0.5465898513793945,-0.3442378044128418,0.42216333746910095,-0.4165779948234558,-0.5641965270042419,0.05521019175648689,-0.2706078290939331,-0.5216597318649292,-0.37509584426879883,-0.4493434727191925,0.22827868163585663,0.6775559782981873,0.3731462359428406,-0.05572185665369034,0.030252577736973763,0.21265685558319092,-0.018271682783961296,1.0152662992477417,0.14332757890224457,-0.5386719107627869,-0.15928295254707336,-0.16636687517166138,-1.140584111213684,0.5125869512557983,-0.09107211977243423,0.2946224808692932,-0.02002238854765892,0.7189496755599976,0.9248677492141724,-0.08456100523471832,-1.0000333786010742,-0.13115333020687103,1.0048828125,0.5019499659538269,0.8729053139686584,0.5160483121871948,-0.03271246701478958,0.3206183612346649,0.061826612800359726,-0.9203583598136902,0.6905803084373474,1.416239619255066,-0.23481382429599762,-0.802932858467102,-0.3461807370185852,0.425959974527359,0.6635651588439941,-0.3001917004585266,-0.6035460233688354,-0.2688766419887543,-0.8604139089584351,-1.2384049892425537,0.06986869871616364,0.15874992311000824,-0.09734463691711426,0.3976326286792755,-0.6838844418525696,-0.5951187610626221,-0.014836293645203114,0.24331915378570557,-0.5543190240859985,0.8704276084899902,-0.6140897870063782,0.13000206649303436,0.49772632122039795,0.36560744047164917,0.36322081089019775,0.21756944060325623,0.7059323787689209,-0.009527829475700855,0.43533483147621155,0.3464542329311371,-1.1204116344451904,0.34278830885887146,-0.6977803707122803,0.5844846963882446,0.04117767885327339,1.2065984010696411,-0.38514259457588196,0.8216508030891418,-0.2471417933702469,0.4644242227077484,-0.08123423159122467,-0.5063536167144775,-0.20104359090328217,0.20189081132411957,0.281985878944397,-0.0011692654807120562,-0.12866228818893433,0.35372164845466614,0.9988893270492554,0.3100077211856842,0.12676158547401428,0.6215825080871582,0.6813234686851501,-0.5679110288619995,0.8974045515060425,-0.6797511577606201,-0.27079465985298157,0.7248163223266602,0.07212811708450317
0.08898867666721344,1.272557258605957,0.6533341407775879,-0.17585663497447968,0.08707855641841888,-0.29045799374580383,-0.6708230972290039,-0.434318482875824,-0.547853410243988,-1.0460635423660278,0.3241836726665497,0.12712517380714417,-0.16012828052043915,-0.004875240847468376,0.8918319344520569,0.2315366417169571,0.25503459572792053,0.09854116290807724,-0.9578827023506165,0.5441421270370483,-0.23781776428222656,0.40378162264823914,-0.03934502229094505,-1.1035815477371216,0.277025043964386,-0.16482560336589813,0.10938352346420288,-0.9404070377349854,-0.07889042794704437,-0.42099615931510925,-0.45639297366142273,-0.9816746711730957,-0.184880331158638,-0.08256586641073227,-0.25267839431762695,-0.44882988929748535,-0.16178224980831146,-0.10415825992822647,0.29741767048835754,-0.1869969666004181,-0.6624495387077332,0.29470202326774597,-0.01912067085504532,-0.3274066746234894,-0.4405156970024109,0.8319268822669983,-0.1944698691368103,-0.26498302817344666,0.42438846826553345,-0.2011374682188034,0.16774599254131317,0.2094590812921524,0.5664553046226501,0.20965997874736786,0.1658642739057541,0.495326429605484,0.29651981592178345,0.0568353645503521,-0.4508976340293884,0.022532392293214798,-0.12134057283401489,-0.34917283058166504,0.24554017186164856,0.3374047875404358,1.0497909784317017,0.43438294529914856,-0.7590255737304688,0.42062240839004517,0.3143671751022339,0.018332265317440033,-0.7330486178398132,-0.03899829462170601,0.43283647298812866,-0.7591320872306824,0.3399008512496948,-0.09524338692426682,-0.4923214912414551,-0.9544311165809631,0.34619465470314026,0.08013255894184113,-0.3516445457935333,-0.26536113023757935,0.830119788646698,-0.34098806977272034,-1.1507948637008667,0.8751627206802368,0.7505059242248535,-0.9016940593719482,0.18396344780921936,-0.12073719501495361,1.0392746925354004,-0.31264403462409973,-0.7116462588310242,0.3624194264411926,0.33644118905067444,0.04894066974520683,-0.12948371469974518,0.1740381121635437,0.5855952501296997,-0.14849556982517242,0.39570337533950806,0.1476755291223526,0.3144378662109375,0.23485367000102997,0.6152716875076294,0.24309343099594116,0.5809507369995117,0.17129436135292053,-0.8319010734558105,-0.028886592015624046,-0.4929613173007965,-0.9804553985595703,0.2572391927242279,-0.3578137457370758,-0.17793971300125122,0.6217368245124817,0.08889001607894897,0.5318163633346558,0.2520735561847687,-1.0846147537231445,0.30356451869010925,0.5771405696868896,0.654159426689148,0.7970147728919983,-0.8583967685699463,0.4252972900867462,-0.00831487774848938,0.6408026218414307
1.2229578495025635,0.5892215967178345,0.3997941315174103,-0.4814111292362213,-0.5653880834579468,-0.6563289761543274,-0.9648298621177673,0.5826984643936157,-1.4869654178619385,-0.9882229566574097,-0.5193740129470825,1.4253318309783936,-0.0908796489238739,-0.3514329493045807,0.891755223274231,0.41788288950920105,-0.13025659322738647,1.331114411354065,-0.5911630392074585,1.32002592086792,0.952369213104248,0.29221758246421814,0.9021342396736145,-1.5219329595565796,-0.5632299780845642,-0.6523110866546631,0.7724781632423401,-0.5524576902389526,-0.11620207130908966,-0.3504272997379303,-1.0894163846969604,-1.5136829614639282,-0.6846542358398438,0.18652968108654022,-0.17529825866222382,0.358939528465271,-0.5082800388336182,0.21601499617099762,0.8256614804267883,0.018009329214692116,-0.33888787031173706,0.08107210695743561,0.6727350950241089,0.0036434954963624477,0.5937747359275818,0.14275436103343964,-0.44953328371047974,0.13467270135879517,0.3378410339355469,-0.35433638095855713,-0.12471187114715576,0.15894818305969238,-0.28795355558395386,-0.26450684666633606,0.2376173585653305,0.3789180517196655,0.5161386728286743,-0.4505808651447296,0.7838587164878845,-0.451029509305954,0.06138978525996208,0.18324710428714752,0.22982053458690643,0.4926191568374634,0.35426071286201477,0.36123350262641907,-0.1610688418149948,-0.38964980840682983,0.5516775250434875,-0.5557233691215515,0.5333427786827087,0.32946595549583435,0.521910548210144,-0.18852688372135162,-0.39240649342536926,-0.46861177682876587,-0.6298820376396179,-0.08951772004365921,-0.24922490119934082,-0.640349805355072,-0.2995423972606659,0.034320224076509476,-0.7400068640708923,-0.3724973499774933,0.21493211388587952,-0.03705010563135147,0.9852190017700195,-0.2671322524547577,0.22586777806282043,-0.09054568409919739,-0.1533721536397934,-0.7742284536361694,0.5040157437324524,-0.2532255947589874,0.05492504686117172,0.18117409944534302,0.08975417912006378,-0.4097003638744354,0.15566401183605194,-0.300137996673584,-0.3585120439529419,0.10994966328144073,-0.30623215436935425,-0.17237773537635803,0.17023342847824097,1.006714940071106,0.2468717396259308,-0.013865001499652863,-0.3134951591491699,-0.6072208285331726,-0.10685405880212784,-0.059338830411434174,0.5457767844200134,-0.2985915243625641,-0.34210601449012756,0.5457968711853027,0.20164886116981506,-0.2254282385110855,-0.6852898597717285,-0.38431721925735474,-0.13285915553569794,-0.46144309639930725,0.26937928795814514,-0.03887622803449631,-0.06550335139036179,-0.2615574300289154,0.2796763479709625,0.5549031496047974
1.0361642837524414,1.605932593345642,0.9130944013595581,-0.42128393054008484,-0.9016687273979187,-0.7864329218864441,-0.025363212451338768,0.5412479639053345,-0.23958207666873932,-0.34691983461380005,-0.07587821781635284,0.34972435235977173,-0.5153219103813171,-0.39164116978645325,0.7974117398262024,0.15323106944561005,-0.5451216101646423,0.28540682792663574,-0.29809609055519104,0.16953019797801971,-0.16943323612213135,0.04561491683125496,-0.19873906672000885,-0.9280788898468018,-0.42750784754753113,0.04686696082353592,-0.013503584079444408,-0.32335516810417175,-0.5834925174713135,0.03924557566642761,-0.6639491319656372,-1.0385180711746216,0.6581133604049683,-0.5073873400688171,-0.8390485644340515,-0.004979680757969618,-0.13152766227722168,0.5082900524139404,0.4266669452190399,-0.04734684154391289,-0.33530429005622864,0.5264566540718079,-0.3176802396774292,-0.23562400043010712,0.6060999631881714,0.6729524731636047,-0.21327516436576843,0.1059231087565422,-0.16703534126281738,-0.4995519518852234,0.7893978357315063,0.8136129379272461,0.4513140916824341,0.24149207770824432,0.10874243080615997,0.18163885176181793,-0.3322395384311676,-0.696601390838623,-0.6504371762275696,1.2874246835708618,-0.3141160309314728,0.9044681787490845,0.054064638912677765,0.37728485465049744,0.8205110430717468,0.16215267777442932,-0.6386526823043823,0.46323633193969727,0.3768156170845032,-0.3437975347042084,-0.6114597916603088,0.016786696389317513,0.6264674663543701,0.14677341282367706,0.3346138298511505,0.13091224431991577,0.6680814623832703,0.20921702682971954,-0.6195924282073975,0.4308507442474365,-0.07369863241910934,0.06716763973236084,-0.04486284404993057,-0.26088371872901917,-0.21845793724060059,0.5920027494430542,-0.06893755495548248,-0.3950771689414978,0.15280362963676453,-0.6745616793632507,-0.1735525280237198,0.5139586329460144,-0.32946425676345825,-0.40532180666923523,-0.0806194543838501,0.8276422023773193,0.6471391916275024,0.4821283221244812,0.3122856616973877,-0.7550369501113892,0.7461158037185669,-0.1563110053539276,-0.05037582293152809,0.6296079754829407,1.0567152500152588,-0.04840253293514252,0.8185597062110901,-0.33693426847457886,0.4080260992050171,0.35472866892814636,-0.7092545032501221,-0.826604425907135,-0.6321732401847839,-0.06086283177137375,0.5274656414985657,-0.7697358727455139,-0.4941698908805847,0.7497069835662842,0.4099667966365814,0.16882753372192383,0.2206069529056549,0.6696288585662842,0.3357132077217102,0.69145667552948,-0.34902191162109375,0.5738924741744995,0.10740339756011963,-0.02685144916176796
-0.13590843975543976,1.101462960243225,-0.054296210408210754,-0.5147235989570618,0.5141940712928772,0.20326952636241913,-0.4595572352409363,0.5171394944190979,-0.813235878944397,-0.7215389609336853,0.2863614559173584,0.3603135943412781,-0.5070229172706604,-0.9387744069099426,0.1319526731967926,0.13106465339660645,-0.29501986503601074,0.9548689126968384,-0.6537539958953857,0.8212884664535522,-0.5303771495819092,0.013977947644889355,-0.0046492647379636765,-1.0050725936889648,-0.054301392287015915,-0.2385859340429306,0.2204112857580185,-0.7402955889701843,-0.589264988899231,0.16206388175487518,-0.23196309804916382,-0.18230806291103363,-0.7962450981140137,-0.18089509010314941,-0.5631064176559448,-0.1134268194437027,-0.050607722252607346,-0.08975613862276077,1.1830825805664062,0.19032859802246094,-0.6994555592536926,0.19340689480304718,-0.07672008872032166,-0.07429265975952148,0.30770301818847656,0.3622931241989136,-0.4655347168445587,-0.2878458797931671,-0.39941728115081787,-0.7511277198791504,0.4695732593536377,-0.22214841842651367,0.3622722029685974,0.18792808055877686,0.48938387632369995,0.8439258933067322,-0.44795823097229004,-0.20568038523197174,0.38270097970962524,0.36907699704170227,0.3367275893688202,-0.44917812943458557,0.23439618945121765,0.37857383489608765,0.04138839989900589,0.34926989674568176,-0.8258206844329834,-0.15141692757606506,0.9943694472312927,-0.06672786921262741,-0.3124954104423523,0.17515890300273895,0.7554142475128174,0.0711015984416008,0.13172250986099243,-0.08287757635116577,-0.5714667439460754,-1.286852478981018,-0.6199012994766235,-0.45255839824676514,-0.12016294151544571,-0.2438097894191742,0.23216719925403595,-0.4091030955314636,-0.05011794716119766,0.5332245230674744,0.07369519025087357,-0.6523460745811462,-0.022468630224466324,0.08759365230798721,0.29323333501815796,-0.2492542266845703,0.6039695143699646,0.2784632444381714,0.8824208378791809,0.7169401049613953,-0.35769763588905334,0.5298197865486145,0.2384714037179947,-0.26304319500923157,0.041052673012018204,0.02109847217798233,-0.05361415073275566,-0.1749080866575241,0.8690642714500427,0.40971997380256653,0.471100389957428,-0.027699284255504608,-0.10253887623548508,0.32545021176338196,-0.38028937578201294,-0.3930893540382385,0.18917958438396454,-0.1156127080321312,0.3392108082771301,0.4167330861091614,-0.05868735909461975,0.6188549995422363,0.3357224464416504,-0.23289282619953156,0.364163875579834,0.6607503890991211,-0.22469937801361084,0.521030604839325,-0.3218100666999817,-0.0018089659279212356,0.5681565999984741,0.5765637159347534
0.8258563280105591,0.5639362931251526,0.3535456657409668,-0.7309136986732483,-0.40326690673828125,-0.5415073037147522,0.457859605550766,0.20375439524650574,0.09419835358858109,-0.8688483238220215,-0.3889637291431427,0.5051735043525696,-0.29829898476600647,0.4515781104564667,0.9111706614494324,0.34161466360092163,0.3557315468788147,0.10155922174453735,-0.6325406432151794,0.12982770800590515,0.4839736819267273,-0.17812858521938324,0.05077248066663742,-0.4557837247848511,-0.42166534066200256,0.2458154857158661,0.28171059489250183,-0.4722733795642853,0.028241407126188278,-0.6276003122329712,-0.9890405535697937,-0.8945131897926331,0.5101521015167236,-0.6404260396957397,0.05508355423808098,-0.6359912753105164,-0.3998960256576538,0.2653355300426483,0.17709016799926758,-0.43491294980049133,-0.8723868131637573,0.3749096393585205,1.0043212175369263,-0.3957287669181824,0.7911553978919983,0.5446562170982361,-0.38336142897605896,-0.0507328063249588,0.05620073527097702,-0.6988680958747864,0.5566828846931458,1.4207422733306885,0.4166238009929657,-0.28996729850769043,1.3071209192276,-0.2989128828048706,0.2807340919971466,-1.0514371395111084,-0.6657506823539734,1.0998011827468872,-0.2360502928495407,0.2637133002281189,0.499360054731369,-0.012290594168007374,0.5861905813217163,-0.5334278345108032,-0.5901152491569519,0.9524949789047241,0.1815291941165924,-0.08405902236700058,-0.2602884769439697,0.09274160861968994,-0.050144534558057785,0.8481937050819397,-0.4542015492916107,-0.8341570496559143,-0.2207077443599701,0.008682561106979847,-0.6133261322975159,0.6358283162117004,-0.12324229627847672,-0.27553004026412964,-0.3038181960582733,-0.8537983298301697,-0.5449949502944946,-0.21811746060848236,0.30666205286979675,-0.5449209809303284,-0.2027023583650589,-0.6523911356925964,0.04093533009290695,0.8267326354980469,0.4868456721305847,0.3729059100151062,0.0645352229475975,0.9897798895835876,0.9513541460037231,0.24879498779773712,0.5056963562965393,-1.4430795907974243,-0.3222726285457611,-0.7184320688247681,-0.04752868413925171,0.13590312004089355,0.7397427558898926,-0.15006816387176514,1.278147578239441,-0.2590177059173584,-0.3237456977367401,-0.6464128494262695,0.021989731118083,-0.5717493891716003,-0.16227979958057404,-0.7485007643699646,0.08572090417146683,0.45775100588798523,0.13162435591220856,1.299949288368225,0.01680086739361286,0.029783399775624275,0.4114626348018646,-0.2065780609846115,0.5127302408218384,0.7378621101379395,0.1825149655342102,-0.2496289759874344,0.2501389980316162,0.5002553462982178
-0.32123520970344543,0.43718183040618896,0.03329876437783241,0.8399629592895508,-0.2018996775150299,-0.8253090977668762,-0.6780978441238403,0.2627800703048706,-0.7324709296226501,-0.5535770654678345,-0.5598899126052856,0.6587015986442566,-0.3174329996109009,-1.4522695541381836,0.4840761721134186,0.15852615237236023,-0.08894041180610657,-0.31974393129348755,0.08589327335357666,0.1935146600008011,-0.4687819182872772,0.8029642701148987,0.5770408511161804,-0.792203962802887,-0.27714577317237854,-0.5416408181190491,0.16670472919940948,-0.2798300087451935,0.16218464076519012,-0.5540457963943481,-0.4236523509025574,-0.19895251095294952,-0.4280511140823364,-0.57552570104599,-0.39267948269844055,0.138515442609787,-0.10011893510818481,-0.0535101443529129,0.22595377266407013,-0.2108130007982254,0.11177398264408112,0.21037934720516205,-0.16946929693222046,-0.0039045794401317835,0.167277991771698,-0.0030877660028636456,-0.5177417397499084,0.4085140824317932,-0.49813130497932434,-0.711143434047699,0.7566623687744141,0.6147673726081848,-0.30310407280921936,0.046197015792131424,0.02931332401931286,0.22783319652080536,0.13831986486911774,-0.522678554058075,0.15820786356925964,-0.24369694292545319,-0.15577906370162964,0.484316885471344,0.29990366101264954,0.677484393119812,0.1970757395029068,1.049320101737976,-0.18697579205036163,0.3881947696208954,0.9186571836471558,-0.06894960254430771,-0.47527849674224854,-0.10771596431732178,0.3611193895339966,-0.07675816118717194,-0.47969815135002136,-0.22220246493816376,-0.7695134878158569,-0.18521873652935028,-0.6734525561332703,-0.5195611715316772,-1.1829332113265991,0.29712995886802673,-0.37856587767601013,-0.1900608241558075,-0.6798624992370605,1.4037724733352661,0.7144795656204224,-1.1096748113632202,0.45445767045021057,-0.5955958962440491,-0.4412252902984619,-1.204719066619873,-0.29489096999168396,0.1740914285182953,-0.44531282782554626,0.598751962184906,-0.5569639801979065,-0.12720082700252533,0.715538740158081,-0.2258484661579132,0.1638246476650238,0.060092683881521225,0.4924846589565277,1.0334711074829102,0.633726179599762,0.9690519571304321,1.3080272674560547,-0.7471202611923218,-0.5059471130371094,-0.8461384773254395,-1.1126872301101685,-0.5737179517745972,-0.5960288643836975,-0.7331656217575073,-0.07274076342582703,-0.14983031153678894,-0.07755541801452637,0.7572000026702881,0.4633750021457672,-0.25655826926231384,0.22546298801898956,0.5779348015785217,0.014110635034739971,1.2474380731582642,-0.3531859815120697,0.1844649314880371,0.7232609391212463,0.814606249332428
